id,gender,accent
0.wav,0,2
1.wav,1,0
2.wav,1,2
3.wav,1,2
4.wav,1,2
5.wav,1,2
6.wav,0,2
7.wav,1,2
8.wav,1,0
9.wav,0,1
10.wav,0,0
11.wav,1,2
12.wav,1,2
13.wav,1,0
14.wav,1,1
15.wav,0,1
16.wav,1,2
17.wav,1,2
18.wav,1,2
19.wav,0,0
20.wav,0,1
21.wav,0,1
22.wav,1,2
23.wav,1,2
24.wav,1,2
25.wav,1,2
26.wav,1,0
27.wav,1,2
28.wav,1,0
29.wav,0,1
30.wav,0,2
31.wav,1,0
32.wav,0,2
33.wav,1,2
34.wav,1,2
35.wav,1,2
36.wav,1,2
37.wav,1,1
38.wav,0,2
39.wav,1,2
40.wav,1,1
41.wav,1,2
42.wav,1,2
43.wav,1,2
44.wav,1,2
45.wav,1,0
46.wav,0,0
47.wav,0,2
48.wav,1,2
49.wav,1,2
50.wav,1,2
51.wav,1,2
52.wav,1,2
53.wav,1,1
54.wav,1,1
55.wav,1,2
56.wav,0,2
57.wav,1,2
58.wav,1,0
59.wav,1,0
60.wav,1,2
61.wav,0,2
62.wav,1,2
63.wav,1,2
64.wav,1,2
65.wav,0,1
66.wav,1,0
67.wav,0,0
68.wav,1,1
69.wav,1,2
70.wav,1,1
71.wav,0,1
72.wav,0,0
73.wav,1,1
74.wav,1,2
75.wav,1,2
76.wav,0,1
77.wav,1,0
78.wav,1,2
79.wav,1,2
80.wav,0,2
81.wav,1,2
82.wav,1,2
83.wav,1,2
84.wav,1,2
85.wav,1,1
86.wav,1,0
87.wav,1,0
88.wav,1,2
89.wav,1,1
90.wav,1,2
91.wav,0,2
92.wav,0,1
93.wav,0,1
94.wav,1,2
95.wav,0,1
96.wav,0,2
97.wav,1,2
98.wav,1,0
99.wav,0,1
100.wav,1,2
101.wav,1,0
102.wav,1,1
103.wav,1,1
104.wav,1,0
105.wav,1,1
106.wav,1,2
107.wav,0,1
108.wav,1,1
109.wav,1,2
110.wav,1,2
111.wav,0,2
112.wav,0,1
113.wav,1,2
114.wav,1,1
115.wav,1,2
116.wav,1,2
117.wav,1,2
118.wav,1,2
119.wav,0,2
120.wav,0,2
121.wav,1,1
122.wav,1,2
123.wav,0,1
124.wav,0,2
125.wav,1,2
126.wav,1,2
127.wav,0,1
128.wav,1,0
129.wav,0,0
130.wav,0,2
131.wav,1,1
132.wav,1,1
133.wav,1,2
134.wav,1,1
135.wav,1,0
136.wav,1,2
137.wav,1,2
138.wav,1,2
139.wav,1,0
140.wav,0,0
141.wav,1,0
142.wav,1,1
143.wav,1,2
144.wav,0,1
145.wav,1,0
146.wav,0,2
147.wav,0,2
148.wav,0,1
149.wav,1,2
150.wav,0,2
151.wav,1,2
152.wav,1,2
153.wav,1,2
154.wav,1,2
155.wav,1,0
156.wav,0,0
157.wav,1,1
158.wav,1,2
159.wav,0,0
160.wav,1,2
161.wav,1,2
162.wav,1,2
163.wav,1,1
164.wav,1,2
165.wav,0,1
166.wav,1,1
167.wav,1,1
168.wav,1,2
169.wav,1,2
170.wav,1,2
171.wav,1,2
172.wav,0,2
173.wav,1,2
174.wav,1,2
175.wav,0,1
176.wav,0,0
177.wav,1,1
178.wav,1,2
179.wav,1,1
180.wav,0,1
181.wav,1,2
182.wav,0,0
183.wav,1,2
184.wav,0,1
185.wav,1,2
186.wav,1,1
187.wav,1,2
188.wav,1,0
189.wav,1,1
190.wav,0,2
191.wav,1,2
192.wav,1,2
193.wav,1,2
194.wav,1,1
195.wav,1,0
196.wav,0,2
197.wav,1,2
198.wav,1,2
199.wav,1,2
200.wav,0,2
201.wav,1,2
202.wav,1,1
203.wav,1,2
204.wav,0,0
205.wav,0,2
206.wav,1,2
207.wav,1,1
208.wav,1,2
209.wav,0,1
210.wav,1,2
211.wav,1,2
212.wav,1,2
213.wav,1,2
214.wav,1,1
215.wav,0,1
216.wav,1,1
217.wav,0,2
218.wav,1,1
219.wav,1,2
220.wav,1,0
221.wav,1,2
222.wav,0,0
223.wav,0,1
224.wav,1,1
225.wav,0,1
226.wav,1,2
227.wav,1,2
228.wav,1,2
229.wav,0,1
230.wav,1,2
231.wav,1,1
232.wav,1,1
233.wav,0,0
234.wav,1,2
235.wav,1,2
236.wav,1,0
237.wav,0,0
238.wav,0,2
239.wav,1,0
240.wav,1,1
241.wav,1,0
242.wav,1,2
243.wav,1,0
244.wav,1,1
245.wav,0,2
246.wav,1,2
247.wav,1,2
248.wav,1,2
249.wav,1,0
250.wav,1,1
251.wav,1,2
252.wav,0,0
253.wav,0,1
254.wav,1,2
255.wav,1,2
256.wav,0,2
257.wav,1,2
258.wav,1,2
259.wav,1,1
260.wav,1,0
261.wav,1,2
262.wav,0,0
263.wav,1,2
264.wav,0,2
265.wav,1,2
266.wav,1,2
267.wav,0,0
268.wav,0,0
269.wav,0,2
270.wav,1,2
271.wav,1,2
272.wav,1,2
273.wav,1,2
274.wav,0,0
275.wav,1,2
276.wav,1,0
277.wav,0,1
278.wav,0,2
279.wav,1,1
280.wav,1,2
281.wav,1,0
282.wav,1,1
283.wav,1,2
284.wav,0,0
285.wav,0,2
286.wav,0,1
287.wav,1,2
288.wav,1,2
289.wav,0,1
290.wav,1,2
291.wav,0,2
292.wav,1,2
293.wav,0,2
294.wav,1,0
295.wav,1,2
296.wav,1,2
297.wav,1,2
298.wav,0,2
299.wav,0,2
300.wav,1,1
301.wav,0,2
302.wav,1,2
303.wav,0,1
304.wav,0,2
305.wav,1,2
306.wav,1,2
307.wav,0,2
308.wav,0,2
309.wav,1,2
310.wav,1,1
311.wav,1,2
312.wav,1,2
313.wav,0,0
314.wav,1,2
315.wav,1,2
316.wav,1,1
317.wav,1,2
318.wav,1,2
319.wav,1,2
320.wav,1,2
321.wav,1,2
322.wav,1,2
323.wav,0,1
324.wav,1,2
325.wav,1,2
326.wav,1,1
327.wav,1,1
328.wav,1,1
329.wav,0,0
330.wav,1,2
331.wav,1,2
332.wav,1,2
333.wav,0,2
334.wav,1,2
335.wav,0,1
336.wav,1,1
337.wav,1,2
338.wav,1,1
339.wav,0,0
340.wav,1,2
341.wav,0,2
342.wav,1,2
343.wav,1,2
344.wav,1,1
345.wav,1,0
346.wav,1,2
347.wav,1,2
348.wav,1,1
349.wav,1,2
350.wav,1,1
351.wav,1,2
352.wav,1,2
353.wav,1,2
354.wav,1,2
355.wav,0,1
356.wav,0,1
357.wav,1,2
358.wav,0,1
359.wav,1,2
360.wav,0,2
361.wav,1,2
362.wav,1,0
363.wav,1,2
364.wav,0,2
365.wav,1,0
366.wav,1,1
367.wav,1,2
368.wav,1,0
369.wav,0,2
370.wav,1,0
371.wav,1,2
372.wav,1,0
373.wav,1,2
374.wav,1,0
375.wav,0,2
376.wav,0,2
377.wav,0,0
378.wav,1,0
379.wav,1,0
380.wav,0,0
381.wav,1,0
382.wav,1,2
383.wav,0,2
384.wav,1,2
385.wav,1,2
386.wav,1,2
387.wav,1,2
388.wav,0,1
389.wav,1,2
390.wav,0,0
391.wav,1,1
392.wav,1,2
393.wav,1,2
394.wav,1,2
395.wav,1,1
396.wav,1,2
397.wav,0,0
398.wav,0,2
399.wav,0,0
400.wav,1,2
401.wav,1,2
402.wav,1,2
403.wav,0,2
404.wav,0,2
405.wav,1,1
406.wav,0,2
407.wav,1,2
408.wav,1,1
409.wav,1,0
410.wav,1,2
411.wav,1,2
412.wav,0,2
413.wav,1,2
414.wav,1,0
415.wav,0,1
416.wav,0,0
417.wav,1,1
418.wav,1,2
419.wav,1,2
420.wav,1,0
421.wav,1,2
422.wav,1,2
423.wav,1,2
424.wav,0,0
425.wav,1,2
426.wav,1,2
427.wav,1,2
428.wav,0,2
429.wav,1,2
430.wav,0,0
431.wav,1,0
432.wav,0,1
433.wav,1,2
434.wav,0,2
435.wav,0,1
436.wav,1,2
437.wav,1,1
438.wav,0,0
439.wav,0,0
440.wav,1,2
441.wav,1,0
442.wav,1,2
443.wav,1,2
444.wav,1,0
445.wav,1,2
446.wav,0,2
447.wav,1,2
448.wav,1,2
449.wav,0,2
450.wav,1,2
451.wav,1,2
452.wav,1,1
453.wav,0,1
454.wav,1,2
455.wav,1,1
456.wav,1,0
457.wav,1,2
458.wav,1,2
459.wav,1,2
460.wav,1,2
461.wav,1,2
462.wav,0,2
463.wav,1,2
464.wav,1,0
465.wav,1,2
466.wav,0,2
467.wav,0,0
468.wav,1,0
469.wav,1,2
470.wav,1,2
471.wav,0,0
472.wav,1,1
473.wav,1,0
474.wav,1,2
475.wav,0,0
476.wav,0,2
477.wav,1,2
478.wav,1,1
479.wav,0,0
480.wav,0,1
481.wav,0,2
482.wav,1,2
483.wav,1,2
484.wav,0,2
485.wav,1,0
486.wav,0,1
487.wav,1,2
488.wav,1,1
489.wav,1,2
490.wav,1,1
491.wav,1,2
492.wav,0,1
493.wav,0,2
494.wav,1,1
495.wav,1,1
496.wav,1,2
497.wav,1,2
498.wav,1,0
499.wav,1,1
500.wav,0,0
501.wav,1,2
502.wav,1,2
503.wav,0,2
504.wav,0,0
505.wav,1,1
506.wav,1,0
507.wav,1,2
508.wav,1,1
509.wav,1,2
510.wav,0,0
511.wav,1,2
512.wav,1,1
513.wav,1,2
514.wav,0,0
515.wav,0,0
516.wav,1,2
517.wav,1,2
518.wav,1,2
519.wav,0,1
520.wav,1,2
521.wav,0,1
522.wav,0,0
523.wav,0,0
524.wav,1,1
525.wav,1,2
526.wav,0,2
527.wav,1,1
528.wav,0,2
529.wav,0,0
530.wav,1,1
531.wav,0,1
532.wav,1,0
533.wav,1,2
534.wav,0,1
535.wav,1,1
536.wav,0,2
537.wav,1,2
538.wav,1,2
539.wav,1,1
540.wav,0,0
541.wav,0,2
542.wav,1,1
543.wav,1,2
544.wav,0,1
545.wav,1,0
546.wav,0,0
547.wav,1,2
548.wav,1,2
549.wav,1,1
550.wav,0,1
551.wav,1,2
552.wav,1,2
553.wav,0,2
554.wav,1,1
555.wav,1,1
556.wav,1,2
557.wav,1,2
558.wav,1,1
559.wav,0,0
560.wav,0,2
561.wav,1,2
562.wav,0,0
563.wav,1,1
564.wav,1,0
565.wav,1,0
566.wav,1,1
567.wav,0,1
568.wav,0,2
569.wav,1,1
570.wav,1,0
571.wav,1,2
572.wav,0,0
573.wav,1,0
574.wav,1,2
575.wav,1,2
576.wav,0,2
577.wav,0,1
578.wav,1,2
579.wav,0,1
580.wav,1,2
581.wav,1,2
582.wav,1,2
583.wav,1,2
584.wav,1,1
585.wav,1,0
586.wav,1,2
587.wav,1,0
588.wav,0,1
589.wav,0,2
590.wav,1,2
591.wav,1,2
592.wav,1,1
593.wav,1,0
594.wav,1,2
595.wav,1,2
596.wav,1,1
597.wav,1,1
598.wav,1,1
599.wav,1,1
600.wav,1,1
601.wav,1,2
602.wav,1,1
603.wav,1,2
604.wav,1,1
605.wav,0,0
606.wav,1,1
607.wav,0,2
608.wav,1,2
609.wav,1,2
610.wav,0,2
611.wav,1,1
612.wav,1,2
613.wav,1,2
614.wav,1,2
615.wav,1,0
616.wav,1,1
617.wav,1,1
618.wav,1,2
619.wav,1,1
620.wav,1,2
621.wav,1,2
622.wav,0,0
623.wav,1,0
624.wav,1,0
625.wav,0,1
626.wav,1,1
627.wav,0,0
628.wav,0,2
629.wav,0,2
630.wav,0,2
631.wav,0,0
632.wav,1,0
633.wav,1,2
634.wav,1,1
635.wav,1,0
636.wav,1,2
637.wav,1,0
638.wav,1,2
639.wav,1,1
640.wav,0,2
641.wav,0,1
642.wav,1,0
643.wav,1,2
644.wav,1,1
645.wav,1,0
646.wav,1,1
647.wav,0,2
648.wav,0,1
649.wav,0,2
650.wav,0,1
651.wav,1,2
652.wav,0,0
653.wav,0,0
654.wav,1,1
655.wav,1,2
656.wav,0,2
657.wav,1,2
658.wav,1,1
659.wav,1,2
660.wav,1,0
661.wav,1,2
662.wav,0,0
663.wav,0,0
664.wav,0,1
665.wav,1,1
666.wav,0,0
667.wav,1,2
668.wav,1,2
669.wav,0,2
670.wav,1,0
671.wav,0,2
672.wav,1,2
673.wav,1,0
674.wav,1,2
675.wav,1,2
676.wav,0,1
677.wav,0,2
678.wav,0,1
679.wav,0,0
680.wav,0,0
681.wav,0,0
682.wav,1,2
683.wav,1,0
684.wav,1,2
685.wav,1,2
686.wav,0,2
687.wav,1,0
688.wav,0,1
689.wav,1,1
690.wav,0,2
691.wav,1,2
692.wav,1,0
693.wav,1,2
694.wav,1,0
695.wav,1,0
696.wav,1,0
697.wav,0,2
698.wav,1,1
699.wav,1,2
700.wav,1,2
701.wav,1,0
702.wav,1,2
703.wav,1,2
704.wav,1,1
705.wav,1,0
706.wav,1,0
707.wav,0,0
708.wav,1,1
709.wav,1,2
710.wav,1,1
711.wav,0,2
712.wav,1,1
713.wav,1,2
714.wav,1,2
715.wav,1,2
716.wav,1,2
717.wav,1,2
718.wav,1,2
719.wav,1,0
720.wav,0,1
721.wav,1,1
722.wav,1,2
723.wav,0,1
724.wav,1,1
725.wav,1,0
726.wav,1,2
727.wav,1,2
728.wav,1,2
729.wav,1,2
730.wav,1,1
731.wav,1,1
732.wav,1,2
733.wav,0,0
734.wav,0,0
735.wav,1,2
736.wav,1,2
737.wav,0,0
738.wav,0,2
739.wav,1,2
740.wav,1,1
741.wav,1,1
742.wav,1,0
743.wav,1,0
744.wav,1,2
745.wav,0,1
746.wav,0,2
747.wav,0,2
748.wav,0,1
749.wav,0,2
750.wav,1,2
751.wav,0,2
752.wav,1,0
753.wav,1,0
754.wav,1,2
755.wav,0,0
756.wav,1,2
757.wav,1,0
758.wav,1,2
759.wav,1,1
760.wav,1,0
761.wav,0,2
762.wav,1,0
763.wav,1,2
764.wav,0,1
765.wav,1,2
766.wav,1,2
767.wav,0,1
768.wav,0,2
769.wav,1,2
770.wav,0,0
771.wav,1,2
772.wav,1,2
773.wav,1,2
774.wav,0,2
775.wav,1,0
776.wav,0,2
777.wav,1,2
778.wav,1,1
779.wav,1,1
780.wav,0,1
781.wav,0,2
782.wav,0,0
783.wav,1,1
784.wav,1,0
785.wav,1,2
786.wav,0,0
787.wav,1,0
788.wav,0,1
789.wav,0,0
790.wav,1,2
791.wav,1,0
792.wav,1,1
793.wav,1,1
794.wav,0,1
795.wav,0,0
796.wav,1,2
797.wav,1,2
798.wav,1,2
799.wav,1,2
800.wav,1,2
801.wav,1,2
802.wav,1,1
803.wav,0,2
804.wav,0,0
805.wav,0,0
806.wav,0,2
807.wav,1,2
808.wav,0,1
809.wav,1,0
810.wav,1,2
811.wav,1,2
812.wav,1,1
813.wav,1,2
814.wav,0,2
815.wav,0,2
816.wav,1,2
817.wav,0,1
818.wav,1,1
819.wav,1,2
820.wav,0,2
821.wav,1,2
822.wav,1,2
823.wav,1,0
824.wav,1,0
825.wav,1,2
826.wav,1,1
827.wav,1,1
828.wav,1,2
829.wav,1,2
830.wav,1,0
831.wav,1,2
832.wav,1,1
833.wav,0,2
834.wav,1,2
835.wav,0,2
836.wav,0,1
837.wav,1,2
838.wav,1,2
839.wav,0,1
840.wav,0,2
841.wav,1,2
842.wav,1,2
843.wav,1,2
844.wav,1,2
845.wav,1,0
846.wav,0,2
847.wav,1,2
848.wav,0,0
849.wav,1,2
850.wav,0,2
851.wav,1,1
852.wav,1,0
853.wav,0,1
854.wav,1,0
855.wav,0,0
856.wav,1,2
857.wav,1,1
858.wav,1,2
859.wav,0,2
860.wav,1,2
861.wav,1,2
862.wav,1,1
863.wav,1,1
864.wav,1,0
865.wav,1,2
866.wav,1,2
867.wav,1,2
868.wav,0,0
869.wav,1,2
870.wav,0,1
871.wav,0,1
872.wav,1,2
873.wav,1,0
874.wav,1,2
875.wav,1,0
876.wav,1,0
877.wav,0,0
878.wav,1,1
879.wav,1,1
880.wav,1,0
881.wav,1,2
882.wav,1,2
883.wav,1,2
884.wav,1,0
885.wav,0,0
886.wav,1,2
887.wav,0,2
888.wav,1,1
889.wav,1,0
890.wav,1,2
891.wav,0,0
892.wav,0,0
893.wav,1,2
894.wav,1,2
895.wav,1,0
896.wav,0,0
897.wav,0,2
898.wav,1,2
899.wav,1,0
900.wav,0,0
901.wav,1,0
902.wav,1,0
903.wav,0,2
904.wav,0,0
905.wav,0,1
906.wav,1,0
907.wav,0,1
908.wav,1,2
909.wav,1,2
910.wav,1,0
911.wav,1,2
912.wav,0,1
913.wav,1,0
914.wav,1,1
915.wav,0,2
916.wav,0,0
917.wav,1,0
918.wav,0,0
919.wav,0,2
920.wav,1,1
921.wav,1,0
922.wav,1,2
923.wav,1,1
924.wav,1,1
925.wav,1,2
926.wav,1,2
927.wav,1,0
928.wav,0,1
929.wav,0,2
930.wav,1,2
931.wav,1,0
932.wav,1,0
933.wav,0,2
934.wav,1,2
935.wav,1,2
936.wav,1,0
937.wav,0,1
938.wav,1,1
939.wav,1,2
940.wav,1,2
941.wav,1,2
942.wav,1,2
943.wav,1,1
944.wav,0,0
945.wav,0,1
946.wav,1,1
947.wav,1,2
948.wav,1,0
949.wav,1,2
950.wav,1,1
951.wav,1,1
952.wav,1,2
953.wav,1,2
954.wav,1,2
955.wav,1,2
956.wav,1,1
957.wav,0,2
958.wav,1,1
959.wav,0,0
960.wav,1,0
961.wav,1,2
962.wav,1,2
963.wav,0,2
964.wav,1,0
965.wav,1,2
966.wav,1,2
967.wav,1,1
968.wav,1,1
969.wav,1,1
970.wav,0,2
971.wav,0,2
972.wav,0,1
973.wav,0,2
974.wav,1,0
975.wav,1,2
976.wav,0,0
977.wav,1,1
978.wav,0,0
979.wav,1,1
980.wav,1,0
981.wav,0,2
982.wav,0,1
983.wav,0,0
984.wav,0,2
985.wav,1,2
986.wav,0,2
987.wav,0,2
988.wav,1,2
989.wav,1,0
990.wav,0,1
991.wav,0,2
992.wav,1,1
993.wav,1,1
994.wav,0,2
995.wav,1,2
996.wav,0,0
997.wav,0,1
998.wav,0,0
999.wav,1,2
1000.wav,1,2
1001.wav,1,2
1002.wav,0,2
1003.wav,1,0
1004.wav,1,1
1005.wav,1,1
1006.wav,1,1
1007.wav,1,2
1008.wav,1,2
1009.wav,0,1
1010.wav,1,2
1011.wav,0,2
1012.wav,0,0
1013.wav,1,2
1014.wav,1,2
1015.wav,1,2
1016.wav,1,2
1017.wav,0,2
1018.wav,1,2
1019.wav,1,1
1020.wav,1,2
1021.wav,1,2
1022.wav,1,2
1023.wav,1,2
1024.wav,1,2
1025.wav,0,1
1026.wav,0,2
1027.wav,0,1
1028.wav,1,2
1029.wav,1,2
1030.wav,1,1
1031.wav,1,2
1032.wav,1,2
1033.wav,0,1
1034.wav,0,0
1035.wav,1,1
1036.wav,1,2
1037.wav,1,2
1038.wav,0,2
1039.wav,1,0
1040.wav,0,1
1041.wav,0,2
1042.wav,1,2
1043.wav,0,1
1044.wav,1,1
1045.wav,0,2
1046.wav,0,0
1047.wav,0,0
1048.wav,0,2
1049.wav,1,2
1050.wav,0,2
1051.wav,0,1
1052.wav,0,0
1053.wav,0,0
1054.wav,1,2
1055.wav,1,1
1056.wav,1,2
1057.wav,1,2
1058.wav,1,2
1059.wav,1,2
1060.wav,0,2
1061.wav,0,2
1062.wav,0,2
1063.wav,0,0
1064.wav,1,2
1065.wav,1,2
1066.wav,1,0
1067.wav,1,0
1068.wav,0,1
1069.wav,1,1
1070.wav,1,0
1071.wav,1,0
1072.wav,1,2
1073.wav,1,2
1074.wav,1,2
1075.wav,0,0
1076.wav,1,1
1077.wav,0,0
1078.wav,0,1
1079.wav,1,2
1080.wav,1,2
1081.wav,1,2
1082.wav,1,1
1083.wav,1,2
1084.wav,0,1
1085.wav,1,2
1086.wav,1,2
1087.wav,1,2
1088.wav,1,0
1089.wav,1,1
1090.wav,1,0
1091.wav,0,2
1092.wav,1,2
1093.wav,1,2
1094.wav,1,0
1095.wav,1,2
1096.wav,0,1
1097.wav,1,1
1098.wav,0,2
1099.wav,1,1
1100.wav,1,2
1101.wav,1,0
1102.wav,0,2
1103.wav,0,0
1104.wav,0,0
1105.wav,1,2
1106.wav,1,2
1107.wav,1,2
1108.wav,1,2
1109.wav,1,1
1110.wav,1,2
1111.wav,1,2
1112.wav,0,2
1113.wav,1,0
1114.wav,1,0
1115.wav,1,0
1116.wav,1,2
1117.wav,1,0
1118.wav,1,2
1119.wav,0,0
1120.wav,0,1
1121.wav,1,1
1122.wav,1,2
1123.wav,1,0
1124.wav,1,2
1125.wav,1,1
1126.wav,1,1
1127.wav,1,2
1128.wav,1,2
1129.wav,1,2
1130.wav,0,1
1131.wav,1,1
1132.wav,1,1
1133.wav,1,2
1134.wav,1,1
1135.wav,0,0
1136.wav,0,2
1137.wav,1,2
1138.wav,1,2
1139.wav,1,2
1140.wav,1,2
1141.wav,1,2
1142.wav,1,2
1143.wav,0,2
1144.wav,1,2
1145.wav,0,2
1146.wav,1,1
1147.wav,0,0
1148.wav,1,2
1149.wav,0,2
1150.wav,1,2
1151.wav,1,0
1152.wav,1,2
1153.wav,1,1
1154.wav,0,0
1155.wav,0,2
1156.wav,1,2
1157.wav,0,2
1158.wav,1,2
1159.wav,1,2
1160.wav,0,2
1161.wav,1,1
1162.wav,1,0
1163.wav,1,0
1164.wav,0,0
1165.wav,1,2
1166.wav,0,0
1167.wav,1,1
1168.wav,0,1
1169.wav,1,2
1170.wav,1,1
1171.wav,1,0
1172.wav,1,2
1173.wav,0,1
1174.wav,1,2
1175.wav,1,2
1176.wav,1,0
1177.wav,1,2
1178.wav,1,2
1179.wav,1,2
1180.wav,0,1
1181.wav,0,1
1182.wav,1,2
1183.wav,1,2
1184.wav,1,0
1185.wav,1,2
1186.wav,1,2
1187.wav,1,2
1188.wav,1,2
1189.wav,1,1
1190.wav,1,0
1191.wav,0,2
1192.wav,1,2
1193.wav,1,1
1194.wav,1,2
1195.wav,1,0
1196.wav,1,0
1197.wav,1,2
1198.wav,1,0
1199.wav,1,1
1200.wav,0,1
1201.wav,1,2
1202.wav,0,0
1203.wav,1,1
1204.wav,1,2
1205.wav,1,2
1206.wav,1,2
1207.wav,1,2
1208.wav,1,2
1209.wav,1,2
1210.wav,0,2
1211.wav,0,2
1212.wav,1,1
1213.wav,0,0
1214.wav,1,0
1215.wav,0,0
1216.wav,1,0
1217.wav,0,1
1218.wav,1,2
1219.wav,0,1
1220.wav,1,2
1221.wav,1,2
1222.wav,1,1
1223.wav,1,1
1224.wav,1,2
1225.wav,1,0
1226.wav,1,1
1227.wav,0,0
1228.wav,1,2
1229.wav,0,2
1230.wav,1,2
1231.wav,1,1
1232.wav,0,1
1233.wav,0,2
1234.wav,1,2
1235.wav,1,2
1236.wav,1,2
1237.wav,1,2
1238.wav,1,1
1239.wav,1,2
1240.wav,1,0
1241.wav,1,0
1242.wav,0,2
1243.wav,0,1
1244.wav,0,2
1245.wav,1,2
1246.wav,0,1
1247.wav,0,2
1248.wav,1,2
1249.wav,1,2
1250.wav,1,0
1251.wav,1,1
1252.wav,1,2
1253.wav,0,2
1254.wav,1,2
1255.wav,1,2
1256.wav,1,2
1257.wav,0,2
1258.wav,1,2
1259.wav,1,1
1260.wav,1,1
1261.wav,1,0
1262.wav,1,2
1263.wav,1,2
1264.wav,0,2
1265.wav,1,2
1266.wav,0,1
1267.wav,0,1
1268.wav,1,0
1269.wav,0,2
1270.wav,1,2
1271.wav,0,2
1272.wav,0,2
1273.wav,1,2
1274.wav,1,2
1275.wav,1,1
1276.wav,1,0
1277.wav,1,0
1278.wav,1,2
1279.wav,1,2
1280.wav,1,0
1281.wav,1,2
1282.wav,1,2
1283.wav,1,2
1284.wav,1,2
1285.wav,1,1
1286.wav,0,2
1287.wav,1,2
1288.wav,0,2
1289.wav,0,2
1290.wav,1,1
1291.wav,0,1
1292.wav,1,2
1293.wav,1,0
1294.wav,1,1
1295.wav,1,0
1296.wav,1,1
1297.wav,0,2
1298.wav,1,2
1299.wav,0,2
1300.wav,1,2
1301.wav,1,2
1302.wav,1,2
1303.wav,1,2
1304.wav,1,2
1305.wav,1,1
1306.wav,0,1
1307.wav,1,1
1308.wav,1,2
1309.wav,1,1
1310.wav,0,2
1311.wav,1,2
1312.wav,1,2
1313.wav,1,1
1314.wav,1,0
1315.wav,0,2
1316.wav,0,0
1317.wav,1,2
1318.wav,1,2
1319.wav,0,0
1320.wav,0,2
1321.wav,0,2
1322.wav,1,1
1323.wav,1,2
1324.wav,1,2
1325.wav,1,2
1326.wav,0,2
1327.wav,0,2
1328.wav,0,2
1329.wav,1,2
1330.wav,1,0
1331.wav,1,2
1332.wav,1,1
1333.wav,1,2
1334.wav,0,2
1335.wav,0,1
1336.wav,0,1
1337.wav,0,2
1338.wav,1,1
1339.wav,1,2
1340.wav,1,2
1341.wav,1,0
1342.wav,1,1
1343.wav,1,2
1344.wav,1,2
1345.wav,1,2
1346.wav,0,1
1347.wav,0,1
1348.wav,1,0
1349.wav,1,1
1350.wav,1,1
1351.wav,0,2
1352.wav,1,0
1353.wav,1,2
1354.wav,1,0
1355.wav,1,2
1356.wav,1,0
1357.wav,1,2
1358.wav,1,2
1359.wav,0,1
1360.wav,0,2
1361.wav,0,0
1362.wav,0,0
1363.wav,1,1
1364.wav,1,2
1365.wav,1,2
1366.wav,1,2
1367.wav,1,2
1368.wav,1,1
1369.wav,1,2
1370.wav,1,1
1371.wav,0,2
1372.wav,0,0
1373.wav,1,2
1374.wav,1,2
1375.wav,1,1
1376.wav,1,0
1377.wav,1,1
1378.wav,1,2
1379.wav,0,0
1380.wav,1,2
1381.wav,0,0
1382.wav,1,0
1383.wav,1,2
1384.wav,1,0
1385.wav,0,2
1386.wav,0,1
1387.wav,0,2
1388.wav,0,1
1389.wav,1,2
1390.wav,1,2
1391.wav,1,2
1392.wav,0,2
1393.wav,0,0
1394.wav,1,2
1395.wav,1,2
1396.wav,1,2
1397.wav,0,2
1398.wav,0,2
1399.wav,1,2
1400.wav,1,2
1401.wav,1,2
1402.wav,1,2
1403.wav,1,1
1404.wav,1,2
1405.wav,1,1
1406.wav,1,2
1407.wav,1,1
1408.wav,1,0
1409.wav,0,2
1410.wav,1,2
1411.wav,0,0
1412.wav,1,2
1413.wav,1,1
1414.wav,1,2
1415.wav,0,0
1416.wav,1,2
1417.wav,1,2
1418.wav,1,1
1419.wav,1,2
1420.wav,1,2
1421.wav,0,0
1422.wav,1,2
1423.wav,0,0
1424.wav,0,0
1425.wav,1,2
1426.wav,1,2
1427.wav,1,2
1428.wav,1,1
1429.wav,1,1
1430.wav,0,1
1431.wav,1,2
1432.wav,1,2
1433.wav,0,1
1434.wav,1,1
1435.wav,0,2
1436.wav,1,2
1437.wav,0,1
1438.wav,1,2
1439.wav,1,1
1440.wav,0,2
1441.wav,1,1
1442.wav,0,2
1443.wav,1,0
1444.wav,1,0
1445.wav,1,2
1446.wav,1,2
1447.wav,0,2
1448.wav,1,2
1449.wav,0,1
1450.wav,0,1
1451.wav,1,2
1452.wav,0,0
1453.wav,0,1
1454.wav,0,1
1455.wav,1,2
1456.wav,0,1
1457.wav,1,1
1458.wav,0,1
1459.wav,1,2
1460.wav,1,1
1461.wav,1,2
1462.wav,1,0
1463.wav,1,1
1464.wav,1,2
1465.wav,1,2
1466.wav,1,2
1467.wav,1,2
1468.wav,0,2
1469.wav,1,0
1470.wav,1,1
1471.wav,1,1
1472.wav,1,1
1473.wav,1,2
1474.wav,1,2
1475.wav,1,2
1476.wav,1,2
1477.wav,1,1
1478.wav,1,2
1479.wav,1,2
1480.wav,0,1
1481.wav,1,0
1482.wav,0,1
1483.wav,1,2
1484.wav,1,1
1485.wav,1,0
1486.wav,1,1
1487.wav,1,1
1488.wav,1,0
1489.wav,1,2
1490.wav,1,1
1491.wav,1,2
1492.wav,1,2
1493.wav,1,2
1494.wav,1,2
1495.wav,1,2
1496.wav,0,2
1497.wav,1,2
1498.wav,0,0
1499.wav,1,2
1500.wav,1,2
1501.wav,1,2
1502.wav,1,2
1503.wav,1,2
1504.wav,1,2
1505.wav,1,1
1506.wav,1,2
1507.wav,0,1
1508.wav,1,2
1509.wav,1,2
1510.wav,0,2
1511.wav,0,2
1512.wav,1,2
1513.wav,1,2
1514.wav,1,2
1515.wav,0,2
1516.wav,1,2
1517.wav,0,1
1518.wav,0,1
1519.wav,1,2
1520.wav,1,2
1521.wav,1,2
1522.wav,1,1
1523.wav,0,2
1524.wav,1,2
1525.wav,1,1
1526.wav,1,1
1527.wav,0,2
1528.wav,0,2
1529.wav,0,2
1530.wav,1,1
1531.wav,1,2
1532.wav,1,2
1533.wav,1,1
1534.wav,0,0
1535.wav,1,2
1536.wav,1,2
1537.wav,1,2
1538.wav,1,2
1539.wav,1,0
1540.wav,1,1
1541.wav,0,1
1542.wav,1,2
1543.wav,1,0
1544.wav,0,2
1545.wav,1,2
1546.wav,1,2
1547.wav,1,0
1548.wav,1,2
1549.wav,1,2
1550.wav,1,2
1551.wav,1,2
1552.wav,1,2
1553.wav,1,2
1554.wav,0,1
1555.wav,1,2
1556.wav,1,0
1557.wav,0,2
1558.wav,1,2
1559.wav,1,2
1560.wav,1,1
1561.wav,1,1
1562.wav,1,2
1563.wav,0,0
1564.wav,1,1
1565.wav,0,2
1566.wav,0,0
1567.wav,0,2
1568.wav,1,1
1569.wav,1,1
1570.wav,0,2
1571.wav,1,0
1572.wav,1,2
1573.wav,0,2
1574.wav,1,2
1575.wav,1,2
1576.wav,0,2
1577.wav,1,2
1578.wav,0,2
1579.wav,0,2
1580.wav,1,2
1581.wav,0,0
1582.wav,0,2
1583.wav,1,2
1584.wav,1,2
1585.wav,1,2
1586.wav,0,2
1587.wav,0,2
1588.wav,1,2
1589.wav,0,0
1590.wav,1,0
1591.wav,0,2
1592.wav,1,0
1593.wav,1,1
1594.wav,1,0
1595.wav,1,2
1596.wav,0,2
1597.wav,1,2
1598.wav,1,2
1599.wav,1,1
1600.wav,1,2
1601.wav,1,2
1602.wav,1,2
1603.wav,1,1
1604.wav,1,1
1605.wav,1,0
1606.wav,1,2
1607.wav,0,2
1608.wav,1,2
1609.wav,0,2
1610.wav,1,2
1611.wav,0,2
1612.wav,1,2
1613.wav,1,1
1614.wav,1,2
1615.wav,0,0
1616.wav,1,1
1617.wav,1,0
1618.wav,0,2
1619.wav,0,1
1620.wav,1,2
1621.wav,0,2
1622.wav,0,0
1623.wav,1,2
1624.wav,1,0
1625.wav,1,0
1626.wav,1,2
1627.wav,1,2
1628.wav,0,1
1629.wav,1,1
1630.wav,0,2
1631.wav,1,1
1632.wav,0,0
1633.wav,1,0
1634.wav,1,1
1635.wav,1,2
1636.wav,0,0
1637.wav,1,2
1638.wav,1,2
1639.wav,1,2
1640.wav,0,0
1641.wav,1,2
1642.wav,1,2
1643.wav,1,2
1644.wav,1,2
1645.wav,1,2
1646.wav,1,2
1647.wav,1,2
1648.wav,1,0
1649.wav,1,0
1650.wav,0,2
1651.wav,1,2
1652.wav,1,2
1653.wav,1,2
1654.wav,1,2
1655.wav,1,0
1656.wav,1,0
1657.wav,1,2
1658.wav,1,0
1659.wav,1,0
1660.wav,1,2
1661.wav,0,0
1662.wav,1,0
1663.wav,1,2
1664.wav,1,0
1665.wav,1,0
1666.wav,1,1
1667.wav,1,2
1668.wav,1,0
1669.wav,0,1
1670.wav,1,1
1671.wav,1,2
1672.wav,1,2
1673.wav,1,0
1674.wav,0,1
1675.wav,0,2
1676.wav,1,2
1677.wav,0,1
1678.wav,1,2
1679.wav,1,0
1680.wav,1,0
1681.wav,1,2
1682.wav,0,1
1683.wav,1,2
1684.wav,1,2
1685.wav,1,2
1686.wav,0,2
1687.wav,1,2
1688.wav,1,1
1689.wav,1,2
1690.wav,0,0
1691.wav,1,2
1692.wav,0,1
1693.wav,1,2
1694.wav,1,2
1695.wav,1,1
1696.wav,1,1
1697.wav,1,1
1698.wav,0,0
1699.wav,1,0
1700.wav,1,2
1701.wav,1,2
1702.wav,0,2
1703.wav,0,0
1704.wav,1,2
1705.wav,1,0
1706.wav,1,2
1707.wav,0,2
1708.wav,1,1
1709.wav,1,2
1710.wav,1,2
1711.wav,1,2
1712.wav,0,0
1713.wav,1,2
1714.wav,0,2
1715.wav,1,2
1716.wav,0,0
1717.wav,1,0
1718.wav,1,2
1719.wav,0,1
1720.wav,1,1
1721.wav,1,2
1722.wav,1,2
1723.wav,1,2
1724.wav,0,2
1725.wav,1,2
1726.wav,1,2
1727.wav,1,2
1728.wav,1,1
1729.wav,1,2
1730.wav,1,1
1731.wav,0,0
1732.wav,1,0
1733.wav,1,1
1734.wav,0,1
1735.wav,1,2
1736.wav,1,2
1737.wav,1,1
1738.wav,1,1
1739.wav,1,2
1740.wav,1,0
1741.wav,0,0
1742.wav,1,1
1743.wav,1,0
1744.wav,0,2
1745.wav,1,2
1746.wav,1,0
1747.wav,1,2
1748.wav,0,0
1749.wav,0,2
1750.wav,1,2
1751.wav,1,2
1752.wav,0,0
1753.wav,1,2
1754.wav,0,2
1755.wav,0,2
1756.wav,0,2
1757.wav,1,2
1758.wav,1,1
1759.wav,1,2
1760.wav,0,2
1761.wav,1,0
1762.wav,1,2
1763.wav,0,0
1764.wav,1,2
1765.wav,1,2
1766.wav,1,1
1767.wav,0,0
1768.wav,0,2
1769.wav,1,1
1770.wav,0,1
1771.wav,1,2
1772.wav,0,1
1773.wav,0,1
1774.wav,1,1
1775.wav,0,0
1776.wav,0,2
1777.wav,1,1
1778.wav,1,2
1779.wav,0,2
1780.wav,0,1
1781.wav,1,0
1782.wav,1,2
1783.wav,1,0
1784.wav,1,2
1785.wav,0,0
1786.wav,0,0
1787.wav,0,2
1788.wav,1,1
1789.wav,0,1
1790.wav,0,2
1791.wav,0,2
1792.wav,0,2
1793.wav,1,1
1794.wav,1,0
1795.wav,1,0
1796.wav,0,2
1797.wav,0,1
1798.wav,1,0
1799.wav,0,2
1800.wav,1,2
1801.wav,1,2
1802.wav,1,2
1803.wav,1,0
1804.wav,1,2
1805.wav,1,2
1806.wav,1,1
1807.wav,1,0
1808.wav,1,2
1809.wav,0,2
1810.wav,0,2
1811.wav,0,2
1812.wav,1,1
1813.wav,1,2
1814.wav,1,1
1815.wav,1,2
1816.wav,0,0
1817.wav,1,2
1818.wav,1,0
1819.wav,1,2
1820.wav,1,1
1821.wav,1,2
1822.wav,1,0
1823.wav,1,2
1824.wav,1,1
1825.wav,1,1
1826.wav,0,1
1827.wav,1,1
1828.wav,1,2
1829.wav,0,1
1830.wav,1,0
1831.wav,0,0
1832.wav,0,1
1833.wav,1,2
1834.wav,0,1
1835.wav,0,1
1836.wav,1,2
1837.wav,1,0
1838.wav,1,2
1839.wav,1,2
1840.wav,0,2
1841.wav,1,2
1842.wav,1,1
1843.wav,1,2
1844.wav,0,1
1845.wav,0,0
1846.wav,1,2
1847.wav,1,2
1848.wav,1,2
1849.wav,0,1
1850.wav,0,1
1851.wav,0,1
1852.wav,0,1
1853.wav,1,2
1854.wav,1,0
1855.wav,1,1
1856.wav,1,0
1857.wav,0,0
1858.wav,0,2
1859.wav,0,0
1860.wav,1,2
1861.wav,1,2
1862.wav,0,2
1863.wav,0,2
1864.wav,1,2
1865.wav,1,2
1866.wav,0,1
1867.wav,1,1
1868.wav,1,1
1869.wav,1,1
1870.wav,1,2
1871.wav,1,1
1872.wav,0,2
1873.wav,1,2
1874.wav,1,2
1875.wav,1,2
1876.wav,1,0
1877.wav,0,2
1878.wav,1,0
1879.wav,1,2
1880.wav,1,0
1881.wav,0,1
1882.wav,0,2
1883.wav,1,0
1884.wav,0,0
1885.wav,1,2
1886.wav,1,2
1887.wav,1,1
1888.wav,1,2
1889.wav,0,1
1890.wav,1,1
1891.wav,1,1
1892.wav,0,2
1893.wav,0,1
1894.wav,0,0
1895.wav,1,2
1896.wav,0,1
1897.wav,1,2
1898.wav,1,0
1899.wav,1,0
1900.wav,1,0
1901.wav,1,2
1902.wav,1,1
1903.wav,1,0
1904.wav,1,2
1905.wav,1,0
1906.wav,0,2
1907.wav,1,2
1908.wav,1,2
1909.wav,1,2
1910.wav,0,1
1911.wav,0,1
1912.wav,1,2
1913.wav,1,0
1914.wav,1,2
1915.wav,1,1
1916.wav,1,2
1917.wav,1,1
1918.wav,1,0
1919.wav,0,0
1920.wav,1,0
1921.wav,0,2
1922.wav,1,0
1923.wav,1,2
1924.wav,1,1
1925.wav,1,2
1926.wav,1,2
1927.wav,0,0
1928.wav,0,2
1929.wav,1,2
1930.wav,1,0
1931.wav,1,2
1932.wav,1,2
1933.wav,1,2
1934.wav,1,0
1935.wav,1,0
1936.wav,1,2
1937.wav,0,2
1938.wav,1,2
1939.wav,1,1
1940.wav,1,2
1941.wav,0,0
1942.wav,0,2
1943.wav,0,1
1944.wav,1,1
1945.wav,0,2
1946.wav,1,0
1947.wav,0,0
1948.wav,0,0
1949.wav,1,0
1950.wav,1,2
1951.wav,0,2
1952.wav,0,0
1953.wav,0,1
1954.wav,1,1
1955.wav,1,2
1956.wav,1,1
1957.wav,1,2
1958.wav,1,2
1959.wav,1,2
1960.wav,0,0
1961.wav,1,0
1962.wav,1,2
1963.wav,1,2
1964.wav,1,0
1965.wav,0,1
1966.wav,1,0
1967.wav,1,2
1968.wav,1,0
1969.wav,1,1
1970.wav,1,1
1971.wav,0,0
1972.wav,0,1
1973.wav,0,2
1974.wav,0,0
1975.wav,1,2
1976.wav,1,2
1977.wav,0,1
1978.wav,1,0
1979.wav,1,2
1980.wav,1,1
1981.wav,1,2
1982.wav,1,2
1983.wav,1,2
1984.wav,1,0
1985.wav,1,2
1986.wav,1,2
1987.wav,1,2
1988.wav,1,2
1989.wav,1,2
1990.wav,0,0
1991.wav,0,2
1992.wav,1,2
1993.wav,1,2
1994.wav,1,2
1995.wav,0,2
1996.wav,1,2
1997.wav,0,1
1998.wav,1,0
1999.wav,1,0
2000.wav,0,1
2001.wav,1,2
2002.wav,1,2
2003.wav,1,0
2004.wav,1,2
2005.wav,0,0
2006.wav,1,1
2007.wav,1,2
2008.wav,1,2
2009.wav,1,1
2010.wav,1,2
2011.wav,0,1
2012.wav,1,2
2013.wav,0,2
2014.wav,1,1
2015.wav,0,1
2016.wav,0,0
2017.wav,1,2
2018.wav,1,1
2019.wav,1,2
2020.wav,1,2
2021.wav,1,2
2022.wav,1,2
2023.wav,0,2
2024.wav,0,2
2025.wav,0,2
2026.wav,0,0
2027.wav,1,2
2028.wav,1,2
2029.wav,0,2
2030.wav,0,1
2031.wav,0,1
2032.wav,1,2
2033.wav,1,0
2034.wav,1,0
2035.wav,1,2
2036.wav,1,1
2037.wav,0,1
2038.wav,0,2
2039.wav,0,1
2040.wav,0,0
2041.wav,1,1
2042.wav,0,2
2043.wav,1,0
2044.wav,1,2
2045.wav,1,2
2046.wav,1,2
2047.wav,1,2
2048.wav,0,0
2049.wav,0,2
2050.wav,1,1
2051.wav,1,2
2052.wav,1,2
2053.wav,1,1
2054.wav,0,2
2055.wav,1,2
2056.wav,1,2
2057.wav,1,0
2058.wav,1,2
2059.wav,1,2
2060.wav,0,2
2061.wav,1,2
2062.wav,0,1
2063.wav,0,0
2064.wav,1,1
2065.wav,1,2
2066.wav,0,1
2067.wav,1,1
2068.wav,1,2
2069.wav,0,1
2070.wav,1,2
2071.wav,1,2
2072.wav,0,1
2073.wav,0,1
2074.wav,1,0
2075.wav,1,1
2076.wav,1,2
2077.wav,0,0
2078.wav,1,2
2079.wav,1,0
2080.wav,0,0
2081.wav,0,2
2082.wav,1,2
2083.wav,1,2
2084.wav,0,1
2085.wav,0,1
2086.wav,1,2
2087.wav,1,0
2088.wav,1,0
2089.wav,0,0
2090.wav,0,1
2091.wav,0,2
2092.wav,1,2
2093.wav,1,1
2094.wav,1,2
2095.wav,1,2
2096.wav,0,1
2097.wav,1,2
2098.wav,1,1
2099.wav,1,2
2100.wav,0,2
2101.wav,0,2
2102.wav,1,2
2103.wav,0,0
2104.wav,1,2
2105.wav,0,0
2106.wav,1,2
2107.wav,1,2
2108.wav,0,0
2109.wav,0,0
2110.wav,0,2
2111.wav,1,0
2112.wav,1,0
2113.wav,1,0
2114.wav,0,2
2115.wav,1,0
2116.wav,1,2
2117.wav,1,0
2118.wav,1,2
2119.wav,1,2
2120.wav,1,2
2121.wav,0,0
2122.wav,1,2
2123.wav,1,2
2124.wav,1,2
2125.wav,1,2
2126.wav,1,0
2127.wav,1,0
2128.wav,1,2
2129.wav,0,0
2130.wav,1,0
2131.wav,1,2
2132.wav,1,0
2133.wav,1,0
2134.wav,1,2
2135.wav,1,0
2136.wav,0,2
2137.wav,1,2
2138.wav,1,2
2139.wav,1,1
2140.wav,1,2
2141.wav,0,1
2142.wav,1,2
2143.wav,1,0
2144.wav,1,1
2145.wav,0,1
2146.wav,0,0
2147.wav,1,1
2148.wav,1,2
2149.wav,1,0
2150.wav,1,2
2151.wav,1,2
2152.wav,1,2
2153.wav,1,0
2154.wav,1,2
2155.wav,1,1
2156.wav,1,1
2157.wav,1,1
2158.wav,1,2
2159.wav,1,2
2160.wav,1,2
2161.wav,0,0
2162.wav,0,2
2163.wav,0,2
2164.wav,0,2
2165.wav,0,2
2166.wav,1,1
2167.wav,1,2
2168.wav,1,2
2169.wav,0,1
2170.wav,1,2
2171.wav,1,2
2172.wav,1,2
2173.wav,0,2
2174.wav,1,0
2175.wav,1,2
2176.wav,1,2
2177.wav,0,0
2178.wav,1,0
2179.wav,1,1
2180.wav,1,2
2181.wav,1,1
2182.wav,0,1
2183.wav,1,0
2184.wav,1,2
2185.wav,1,2
2186.wav,1,0
2187.wav,1,2
2188.wav,0,2
2189.wav,1,0
2190.wav,0,2
2191.wav,1,2
2192.wav,1,1
2193.wav,1,2
2194.wav,1,0
2195.wav,1,2
2196.wav,1,2
2197.wav,0,2
2198.wav,1,0
2199.wav,1,2
2200.wav,0,0
2201.wav,1,1
2202.wav,1,2
2203.wav,1,1
2204.wav,1,2
2205.wav,1,2
2206.wav,1,1
2207.wav,1,1
2208.wav,1,2
2209.wav,1,2
2210.wav,1,2
2211.wav,1,1
2212.wav,1,2
2213.wav,0,1
2214.wav,1,2
2215.wav,1,0
2216.wav,1,1
2217.wav,1,2
2218.wav,0,0
2219.wav,1,2
2220.wav,1,2
2221.wav,0,0
2222.wav,1,2
2223.wav,1,1
2224.wav,0,1
2225.wav,1,2
2226.wav,1,0
2227.wav,0,0
2228.wav,1,2
2229.wav,0,0
2230.wav,1,2
2231.wav,1,2
2232.wav,1,1
2233.wav,1,1
2234.wav,1,1
2235.wav,1,2
2236.wav,1,2
2237.wav,0,1
2238.wav,0,0
2239.wav,0,0
2240.wav,1,2
2241.wav,1,1
2242.wav,0,1
2243.wav,0,2
2244.wav,1,1
2245.wav,1,1
2246.wav,1,2
2247.wav,1,2
2248.wav,1,2
2249.wav,0,0
2250.wav,0,0
2251.wav,1,1
2252.wav,1,0
2253.wav,1,2
2254.wav,1,2
2255.wav,1,2
2256.wav,1,1
2257.wav,0,0
2258.wav,1,2
2259.wav,1,0
2260.wav,0,1
2261.wav,1,1
2262.wav,0,1
2263.wav,0,1
2264.wav,1,1
2265.wav,1,2
2266.wav,1,2
2267.wav,0,0
2268.wav,0,0
2269.wav,1,0
2270.wav,0,1
2271.wav,0,0
2272.wav,0,1
2273.wav,1,2
2274.wav,1,2
2275.wav,1,2
2276.wav,0,2
2277.wav,1,2
2278.wav,1,2
2279.wav,0,0
2280.wav,0,2
2281.wav,1,2
2282.wav,1,2
2283.wav,1,2
2284.wav,0,2
2285.wav,0,2
2286.wav,1,2
2287.wav,0,1
2288.wav,0,0
2289.wav,1,0
2290.wav,1,2
2291.wav,1,2
2292.wav,1,0
2293.wav,1,1
2294.wav,1,2
2295.wav,1,0
2296.wav,1,2
2297.wav,0,1
2298.wav,0,1
2299.wav,0,0
2300.wav,1,2
2301.wav,1,1
2302.wav,1,2
2303.wav,1,2
2304.wav,0,1
2305.wav,1,2
2306.wav,1,0
2307.wav,1,2
2308.wav,0,2
2309.wav,0,2
2310.wav,1,2
2311.wav,1,2
2312.wav,1,2
2313.wav,1,0
2314.wav,0,2
2315.wav,1,1
2316.wav,0,2
2317.wav,1,2
2318.wav,1,1
2319.wav,1,0
2320.wav,0,0
2321.wav,1,2
2322.wav,0,0
2323.wav,0,0
2324.wav,1,2
2325.wav,1,2
2326.wav,1,0
2327.wav,0,0
2328.wav,0,2
2329.wav,1,2
2330.wav,1,2
2331.wav,1,2
2332.wav,1,2
2333.wav,1,0
2334.wav,0,0
2335.wav,1,0
2336.wav,1,0
2337.wav,1,2
2338.wav,1,2
2339.wav,1,2
2340.wav,0,1
2341.wav,1,1
2342.wav,0,0
2343.wav,1,2
2344.wav,0,0
2345.wav,1,2
2346.wav,1,2
2347.wav,1,2
2348.wav,0,2
2349.wav,1,2
2350.wav,1,1
2351.wav,1,2
2352.wav,1,1
2353.wav,1,2
2354.wav,1,2
2355.wav,0,1
2356.wav,0,0
2357.wav,0,0
2358.wav,1,2
2359.wav,1,2
2360.wav,1,0
2361.wav,1,2
2362.wav,1,2
2363.wav,0,0
2364.wav,0,0
2365.wav,1,1
2366.wav,0,2
2367.wav,0,0
2368.wav,1,2
2369.wav,1,2
2370.wav,1,2
2371.wav,1,2
2372.wav,1,0
2373.wav,1,2
2374.wav,0,0
2375.wav,1,2
2376.wav,1,0
2377.wav,1,1
2378.wav,1,2
2379.wav,1,1
2380.wav,1,0
2381.wav,1,2
2382.wav,1,1
2383.wav,1,1
2384.wav,1,2
2385.wav,0,0
2386.wav,1,0
2387.wav,1,2
2388.wav,1,1
2389.wav,1,2
2390.wav,1,2
2391.wav,1,2
2392.wav,1,1
2393.wav,1,2
2394.wav,1,2
2395.wav,0,0
2396.wav,1,2
2397.wav,1,2
2398.wav,0,2
2399.wav,0,1
2400.wav,0,2
2401.wav,1,2
2402.wav,1,2
2403.wav,1,2
2404.wav,0,0
2405.wav,1,2
2406.wav,1,1
2407.wav,1,0
2408.wav,1,1
2409.wav,1,2
2410.wav,1,2
2411.wav,0,2
2412.wav,0,2
2413.wav,1,2
2414.wav,0,2
2415.wav,1,0
2416.wav,1,2
2417.wav,0,1
2418.wav,1,2
2419.wav,0,1
2420.wav,0,1
2421.wav,1,0
2422.wav,1,2
2423.wav,0,0
2424.wav,1,1
2425.wav,0,0
2426.wav,1,0
2427.wav,1,2
2428.wav,1,2
2429.wav,1,2
2430.wav,0,2
2431.wav,1,2
2432.wav,1,2
2433.wav,0,0
2434.wav,0,1
2435.wav,1,1
2436.wav,1,2
2437.wav,1,1
2438.wav,0,1
2439.wav,0,1
2440.wav,0,1
2441.wav,0,1
2442.wav,1,0
2443.wav,1,1
2444.wav,0,1
2445.wav,1,2
2446.wav,0,0
2447.wav,1,2
2448.wav,1,0
2449.wav,1,2
2450.wav,1,2
2451.wav,1,1
2452.wav,1,2
2453.wav,1,1
2454.wav,0,2
2455.wav,1,1
2456.wav,1,2
2457.wav,0,1
2458.wav,0,0
2459.wav,1,2
2460.wav,1,0
2461.wav,1,1
2462.wav,1,0
2463.wav,1,1
2464.wav,1,2
2465.wav,1,2
2466.wav,0,1
2467.wav,1,2
2468.wav,0,1
2469.wav,0,1
2470.wav,1,0
2471.wav,1,2
2472.wav,0,1
2473.wav,1,2
2474.wav,0,0
2475.wav,1,2
2476.wav,0,2
2477.wav,1,2
2478.wav,1,2
2479.wav,1,2
2480.wav,1,2
2481.wav,1,2
2482.wav,1,2
2483.wav,1,0
2484.wav,0,0
2485.wav,1,2
2486.wav,1,2
2487.wav,1,2
2488.wav,1,2
2489.wav,0,2
2490.wav,1,2
2491.wav,0,1
2492.wav,1,2
2493.wav,1,0
2494.wav,1,0
2495.wav,1,2
2496.wav,1,2
2497.wav,0,2
2498.wav,1,2
2499.wav,1,2
2500.wav,0,0
2501.wav,1,0
2502.wav,0,0
2503.wav,1,2
2504.wav,1,1
2505.wav,0,2
2506.wav,0,1
2507.wav,1,2
2508.wav,0,0
2509.wav,1,0
2510.wav,0,2
2511.wav,1,1
2512.wav,1,2
2513.wav,1,2
2514.wav,1,2
2515.wav,1,0
2516.wav,1,2
2517.wav,1,0
2518.wav,1,2
2519.wav,1,2
2520.wav,1,2
2521.wav,1,2
2522.wav,0,0
2523.wav,1,2
2524.wav,1,2
2525.wav,1,2
2526.wav,0,0
2527.wav,1,2
2528.wav,1,0
2529.wav,1,0
2530.wav,0,1
2531.wav,0,0
2532.wav,1,2
2533.wav,1,2
2534.wav,0,1
2535.wav,1,2
2536.wav,0,0
2537.wav,0,1
2538.wav,0,2
2539.wav,1,2
2540.wav,0,2
2541.wav,0,1
2542.wav,1,0
2543.wav,1,2
2544.wav,1,2
2545.wav,1,2
2546.wav,1,1
2547.wav,0,0
2548.wav,1,2
2549.wav,1,2
2550.wav,1,2
2551.wav,0,2
2552.wav,1,2
2553.wav,0,0
2554.wav,1,0
2555.wav,1,0
2556.wav,1,2
2557.wav,0,2
2558.wav,1,0
2559.wav,1,1
2560.wav,0,0
2561.wav,0,1
2562.wav,0,2
2563.wav,1,0
2564.wav,1,2
2565.wav,0,1
2566.wav,1,2
2567.wav,0,0
2568.wav,1,1
2569.wav,1,2
2570.wav,1,2
2571.wav,1,0
2572.wav,1,0
2573.wav,0,2
2574.wav,1,2
2575.wav,1,2
2576.wav,0,2
2577.wav,0,2
2578.wav,1,0
2579.wav,0,0
2580.wav,0,0
2581.wav,1,2
2582.wav,0,0
2583.wav,1,2
2584.wav,1,0
2585.wav,0,0
2586.wav,1,2
2587.wav,1,2
2588.wav,1,0
2589.wav,0,0
2590.wav,0,1
2591.wav,0,2
2592.wav,1,1
2593.wav,1,2
2594.wav,0,2
2595.wav,1,0
2596.wav,1,1
2597.wav,0,0
2598.wav,1,2
2599.wav,1,2
2600.wav,1,2
2601.wav,1,2
2602.wav,1,1
2603.wav,1,2
2604.wav,1,2
2605.wav,0,0
2606.wav,1,2
2607.wav,1,2
2608.wav,1,2
2609.wav,1,2
2610.wav,1,1
2611.wav,1,2
2612.wav,1,2
2613.wav,1,0
2614.wav,0,2
2615.wav,0,2
2616.wav,1,1
2617.wav,1,2
2618.wav,1,2
2619.wav,1,2
2620.wav,1,2
2621.wav,1,1
2622.wav,0,0
2623.wav,0,0
2624.wav,1,1
2625.wav,0,2
2626.wav,0,2
2627.wav,0,1
2628.wav,0,0
2629.wav,1,0
2630.wav,0,2
2631.wav,1,2
2632.wav,1,0
2633.wav,1,2
2634.wav,0,1
2635.wav,1,2
2636.wav,0,2
2637.wav,0,0
2638.wav,0,1
2639.wav,0,2
2640.wav,0,0
2641.wav,1,2
2642.wav,1,2
2643.wav,0,2
2644.wav,0,2
2645.wav,1,0
2646.wav,1,1
2647.wav,0,0
2648.wav,1,2
2649.wav,1,2
2650.wav,0,2
2651.wav,0,0
2652.wav,1,1
2653.wav,1,1
2654.wav,1,1
2655.wav,1,0
2656.wav,1,0
2657.wav,0,2
2658.wav,1,2
2659.wav,1,2
2660.wav,1,0
2661.wav,1,2
2662.wav,1,2
2663.wav,1,2
2664.wav,0,2
2665.wav,1,1
2666.wav,0,2
2667.wav,1,2
2668.wav,0,0
2669.wav,0,1
2670.wav,1,1
2671.wav,1,2
2672.wav,1,1
2673.wav,0,2
2674.wav,1,2
2675.wav,1,2
2676.wav,1,1
2677.wav,0,2
2678.wav,0,1
2679.wav,1,2
2680.wav,0,2
2681.wav,1,2
2682.wav,1,0
2683.wav,1,0
2684.wav,1,2
2685.wav,1,2
2686.wav,1,2
2687.wav,0,2
2688.wav,0,2
2689.wav,1,1
2690.wav,1,1
2691.wav,0,2
2692.wav,1,1
2693.wav,0,0
2694.wav,0,0
2695.wav,0,2
2696.wav,0,2
2697.wav,0,2
2698.wav,1,0
2699.wav,0,1
2700.wav,0,2
2701.wav,1,2
2702.wav,0,0
2703.wav,0,1
2704.wav,1,1
2705.wav,1,0
2706.wav,1,0
2707.wav,0,1
2708.wav,1,0
2709.wav,0,1
2710.wav,1,2
2711.wav,1,2
2712.wav,1,1
2713.wav,0,0
2714.wav,1,2
2715.wav,1,1
2716.wav,0,1
2717.wav,1,2
2718.wav,1,2
2719.wav,0,2
2720.wav,0,2
2721.wav,1,1
2722.wav,1,2
2723.wav,1,0
2724.wav,1,0
2725.wav,0,2
2726.wav,1,2
2727.wav,1,2
2728.wav,1,1
2729.wav,0,1
2730.wav,0,0
2731.wav,1,2
2732.wav,1,2
2733.wav,0,0
2734.wav,1,2
2735.wav,0,1
2736.wav,1,2
2737.wav,1,1
2738.wav,1,0
2739.wav,1,2
2740.wav,1,1
2741.wav,1,2
2742.wav,1,1
2743.wav,1,1
2744.wav,1,2
2745.wav,0,0
2746.wav,0,2
2747.wav,0,0
2748.wav,1,0
2749.wav,1,2
2750.wav,0,1
2751.wav,0,2
2752.wav,0,2
2753.wav,0,2
2754.wav,1,2
2755.wav,1,2
2756.wav,0,1
2757.wav,1,2
2758.wav,0,0
2759.wav,0,1
2760.wav,1,2
2761.wav,0,0
2762.wav,0,1
2763.wav,1,1
2764.wav,1,1
2765.wav,1,2
2766.wav,1,2
2767.wav,1,1
2768.wav,1,2
2769.wav,0,1
2770.wav,0,2
2771.wav,1,2
2772.wav,0,1
2773.wav,0,1
2774.wav,0,1
2775.wav,0,2
2776.wav,1,1
2777.wav,1,2
2778.wav,0,2
2779.wav,0,1
2780.wav,1,2
2781.wav,1,2
2782.wav,0,2
2783.wav,1,2
2784.wav,1,0
2785.wav,1,2
2786.wav,1,2
2787.wav,1,2
2788.wav,1,2
2789.wav,1,2
2790.wav,0,0
2791.wav,1,2
2792.wav,1,2
2793.wav,1,2
2794.wav,1,1
2795.wav,1,0
2796.wav,0,2
2797.wav,0,2
2798.wav,1,1
2799.wav,0,2
2800.wav,0,2
2801.wav,1,0
2802.wav,1,1
2803.wav,1,0
2804.wav,1,2
2805.wav,0,2
2806.wav,0,0
2807.wav,1,1
2808.wav,0,1
2809.wav,1,2
2810.wav,0,2
2811.wav,1,2
2812.wav,1,2
2813.wav,1,1
2814.wav,1,2
2815.wav,1,2
2816.wav,1,0
2817.wav,1,1
2818.wav,0,1
2819.wav,0,1
2820.wav,1,2
2821.wav,1,2
2822.wav,1,1
2823.wav,1,1
2824.wav,0,1
2825.wav,0,0
2826.wav,1,0
2827.wav,1,0
2828.wav,1,2
2829.wav,1,2
2830.wav,1,2
2831.wav,1,2
2832.wav,1,2
2833.wav,0,2
2834.wav,1,2
2835.wav,1,2
2836.wav,1,1
2837.wav,0,2
2838.wav,1,2
2839.wav,1,1
2840.wav,1,2
2841.wav,0,0
2842.wav,1,0
2843.wav,1,2
2844.wav,1,2
2845.wav,1,2
2846.wav,1,1
2847.wav,0,2
2848.wav,1,2
2849.wav,1,2
2850.wav,1,2
2851.wav,1,2
2852.wav,1,2
2853.wav,1,2
2854.wav,1,1
2855.wav,0,1
2856.wav,0,1
2857.wav,1,2
2858.wav,1,2
2859.wav,1,0
2860.wav,1,2
2861.wav,1,0
2862.wav,1,0
2863.wav,0,2
2864.wav,1,2
2865.wav,1,2
2866.wav,1,1
2867.wav,1,1
2868.wav,0,1
2869.wav,0,0
2870.wav,1,0
2871.wav,0,2
2872.wav,1,1
2873.wav,1,2
2874.wav,1,2
2875.wav,1,2
2876.wav,0,2
2877.wav,1,2
2878.wav,0,0
2879.wav,0,2
2880.wav,1,1
2881.wav,1,0
2882.wav,1,2
2883.wav,0,0
2884.wav,1,1
2885.wav,0,0
2886.wav,1,1
2887.wav,1,2
2888.wav,1,1
2889.wav,1,2
2890.wav,1,2
2891.wav,1,2
2892.wav,1,2
2893.wav,1,2
2894.wav,0,0
2895.wav,0,0
2896.wav,1,2
2897.wav,1,2
2898.wav,1,1
2899.wav,1,2
2900.wav,1,1
2901.wav,1,2
2902.wav,1,2
2903.wav,0,2
2904.wav,0,1
2905.wav,0,2
2906.wav,1,2
2907.wav,0,0
2908.wav,0,2
2909.wav,1,2
2910.wav,0,1
2911.wav,1,2
2912.wav,0,2
2913.wav,1,2
2914.wav,1,2
2915.wav,0,2
2916.wav,1,2
2917.wav,1,2
2918.wav,1,2
2919.wav,1,1
2920.wav,1,2
2921.wav,1,1
2922.wav,0,2
2923.wav,0,2
2924.wav,1,0
2925.wav,0,0
2926.wav,0,1
2927.wav,0,0
2928.wav,0,2
2929.wav,1,1
2930.wav,1,0
2931.wav,1,1
2932.wav,0,0
2933.wav,0,2
2934.wav,1,1
2935.wav,0,1
2936.wav,0,0
2937.wav,0,0
2938.wav,1,2
2939.wav,1,2
2940.wav,0,1
2941.wav,1,0
2942.wav,1,2
2943.wav,1,1
2944.wav,1,2
2945.wav,1,2
2946.wav,1,1
2947.wav,0,1
2948.wav,1,1
2949.wav,1,2
2950.wav,1,2
2951.wav,1,0
2952.wav,1,1
2953.wav,1,2
2954.wav,0,2
2955.wav,1,2
2956.wav,1,2
2957.wav,1,2
2958.wav,0,2
2959.wav,1,1
2960.wav,1,2
2961.wav,1,2
2962.wav,1,0
2963.wav,1,2
2964.wav,1,0
2965.wav,0,2
2966.wav,1,2
2967.wav,0,0
2968.wav,0,2
2969.wav,1,1
2970.wav,0,0
2971.wav,0,2
2972.wav,1,1
2973.wav,1,2
2974.wav,1,2
2975.wav,1,1
2976.wav,1,2
2977.wav,1,2
2978.wav,0,0
2979.wav,0,2
2980.wav,1,2
2981.wav,1,2
2982.wav,1,2
2983.wav,1,1
2984.wav,1,2
2985.wav,1,1
2986.wav,1,2
2987.wav,0,1
2988.wav,0,1
2989.wav,0,2
2990.wav,0,1
2991.wav,1,1
2992.wav,1,2
2993.wav,1,2
2994.wav,1,1
2995.wav,1,0
2996.wav,1,2
2997.wav,1,1
2998.wav,1,2
2999.wav,1,2
3000.wav,0,0
3001.wav,0,2
3002.wav,1,2
3003.wav,1,1
3004.wav,1,2
3005.wav,1,2
3006.wav,0,2
3007.wav,1,2
3008.wav,1,2
3009.wav,1,1
3010.wav,1,2
3011.wav,1,2
3012.wav,1,2
3013.wav,1,1
3014.wav,0,1
3015.wav,0,2
3016.wav,0,0
3017.wav,0,0
3018.wav,0,1
3019.wav,1,2
3020.wav,1,1
3021.wav,1,2
3022.wav,1,1
3023.wav,0,1
3024.wav,1,2
3025.wav,0,1
3026.wav,0,2
3027.wav,0,2
3028.wav,1,2
3029.wav,1,1
3030.wav,1,1
3031.wav,1,2
3032.wav,1,2
3033.wav,1,2
3034.wav,0,0
3035.wav,0,2
3036.wav,0,1
3037.wav,1,2
3038.wav,1,2
3039.wav,1,1
3040.wav,1,2
3041.wav,0,0
3042.wav,1,0
3043.wav,1,2
3044.wav,0,2
3045.wav,1,2
3046.wav,0,2
3047.wav,0,0
3048.wav,1,2
3049.wav,1,1
3050.wav,1,1
3051.wav,0,1
3052.wav,0,2
3053.wav,1,0
3054.wav,1,1
3055.wav,1,2
3056.wav,1,2
3057.wav,1,2
3058.wav,1,0
3059.wav,0,1
3060.wav,0,0
3061.wav,1,2
3062.wav,1,2
3063.wav,1,0
3064.wav,1,1
3065.wav,0,2
3066.wav,1,2
3067.wav,1,1
3068.wav,0,0
3069.wav,1,1
3070.wav,1,0
3071.wav,1,2
3072.wav,1,2
3073.wav,1,1
3074.wav,1,2
3075.wav,1,2
3076.wav,0,0
3077.wav,0,2
3078.wav,1,2
3079.wav,1,1
3080.wav,0,1
3081.wav,1,2
3082.wav,0,0
3083.wav,1,1
3084.wav,0,0
3085.wav,1,2
3086.wav,0,1
3087.wav,1,2
3088.wav,0,2
3089.wav,0,1
3090.wav,0,2
3091.wav,0,0
3092.wav,1,2
3093.wav,0,0
3094.wav,0,1
3095.wav,1,1
3096.wav,1,1
3097.wav,0,1
3098.wav,1,2
3099.wav,1,2
3100.wav,1,1
3101.wav,1,2
3102.wav,0,1
3103.wav,1,2
3104.wav,1,2
3105.wav,0,0
3106.wav,0,2
3107.wav,0,0
3108.wav,1,2
3109.wav,1,2
3110.wav,1,2
3111.wav,0,1
3112.wav,1,1
3113.wav,0,1
3114.wav,1,2
3115.wav,1,2
3116.wav,1,0
3117.wav,1,2
3118.wav,1,0
3119.wav,1,2
3120.wav,0,2
3121.wav,1,0
3122.wav,0,0
3123.wav,1,0
3124.wav,1,2
3125.wav,1,2
3126.wav,1,2
3127.wav,1,1
3128.wav,0,0
3129.wav,0,0
3130.wav,1,0
3131.wav,1,2
3132.wav,1,2
3133.wav,1,2
3134.wav,1,0
3135.wav,1,2
3136.wav,1,0
3137.wav,0,2
3138.wav,1,2
3139.wav,0,2
3140.wav,1,2
3141.wav,1,2
3142.wav,1,2
3143.wav,1,2
3144.wav,1,2
3145.wav,1,2
3146.wav,1,2
3147.wav,1,2
3148.wav,1,2
3149.wav,0,1
3150.wav,0,1
3151.wav,1,0
3152.wav,1,2
3153.wav,1,0
3154.wav,0,1
3155.wav,1,2
3156.wav,0,1
3157.wav,1,2
3158.wav,0,2
3159.wav,0,2
3160.wav,1,2
3161.wav,0,0
3162.wav,1,2
3163.wav,1,2
3164.wav,1,2
3165.wav,1,2
3166.wav,0,1
3167.wav,1,1
3168.wav,0,1
3169.wav,1,1
3170.wav,1,2
3171.wav,1,2
3172.wav,0,2
3173.wav,1,0
3174.wav,1,2
3175.wav,1,2
3176.wav,1,1
3177.wav,0,1
3178.wav,1,2
3179.wav,1,2
3180.wav,0,2
3181.wav,1,0
3182.wav,1,2
3183.wav,0,0
3184.wav,0,2
3185.wav,1,1
3186.wav,1,2
3187.wav,1,2
3188.wav,1,2
3189.wav,1,0
3190.wav,0,2
3191.wav,1,2
3192.wav,1,2
3193.wav,0,0
3194.wav,1,2
3195.wav,1,1
3196.wav,1,1
3197.wav,1,2
3198.wav,1,1
3199.wav,1,2
3200.wav,1,2
3201.wav,1,2
3202.wav,1,2
3203.wav,1,1
3204.wav,0,1
3205.wav,1,2
3206.wav,1,0
3207.wav,1,1
3208.wav,0,2
3209.wav,1,0
3210.wav,0,2
3211.wav,1,2
3212.wav,0,2
3213.wav,1,0
3214.wav,1,2
3215.wav,1,1
3216.wav,1,2
3217.wav,1,2
3218.wav,1,1
3219.wav,0,0
3220.wav,0,2
3221.wav,1,0
3222.wav,1,1
3223.wav,0,0
3224.wav,1,2
3225.wav,1,0
3226.wav,1,1
3227.wav,1,2
3228.wav,0,2
3229.wav,0,0
3230.wav,0,2
3231.wav,0,2
3232.wav,1,2
3233.wav,1,1
3234.wav,0,2
3235.wav,1,0
3236.wav,1,2
3237.wav,1,2
3238.wav,0,2
3239.wav,0,1
3240.wav,1,2
3241.wav,1,0
3242.wav,1,2
3243.wav,1,2
3244.wav,1,2
3245.wav,1,2
3246.wav,1,2
3247.wav,0,1
3248.wav,0,1
3249.wav,1,2
3250.wav,1,2
3251.wav,1,2
3252.wav,1,2
3253.wav,1,0
3254.wav,1,2
3255.wav,0,0
3256.wav,1,2
3257.wav,1,1
3258.wav,1,2
3259.wav,0,2
3260.wav,0,2
3261.wav,1,2
3262.wav,1,2
3263.wav,1,2
3264.wav,0,0
3265.wav,0,2
3266.wav,0,2
3267.wav,1,2
3268.wav,1,2
3269.wav,0,2
3270.wav,1,2
3271.wav,1,0
3272.wav,1,0
3273.wav,1,0
3274.wav,0,0
3275.wav,1,2
3276.wav,1,1
3277.wav,1,2
3278.wav,1,2
3279.wav,1,1
3280.wav,1,2
3281.wav,1,2
3282.wav,1,1
3283.wav,1,2
3284.wav,0,0
3285.wav,1,1
3286.wav,1,2
3287.wav,0,0
3288.wav,0,2
3289.wav,1,2
3290.wav,1,1
3291.wav,0,2
3292.wav,1,0
3293.wav,1,2
3294.wav,1,0
3295.wav,0,2
3296.wav,1,0
3297.wav,0,2
3298.wav,1,2
3299.wav,1,0
3300.wav,1,2
3301.wav,1,1
3302.wav,1,1
3303.wav,1,0
3304.wav,1,0
3305.wav,1,2
3306.wav,0,0
3307.wav,0,1
3308.wav,1,2
3309.wav,0,2
3310.wav,0,2
3311.wav,1,1
3312.wav,0,1
3313.wav,0,1
3314.wav,1,2
3315.wav,0,2
3316.wav,1,0
3317.wav,1,0
3318.wav,1,2
3319.wav,1,0
3320.wav,1,2
3321.wav,0,2
3322.wav,1,2
3323.wav,0,1
3324.wav,1,1
3325.wav,1,1
3326.wav,1,2
3327.wav,0,2
3328.wav,0,2
3329.wav,1,0
3330.wav,1,0
3331.wav,1,2
3332.wav,1,1
3333.wav,1,0
3334.wav,1,0
3335.wav,1,0
3336.wav,1,1
3337.wav,1,2
3338.wav,1,0
3339.wav,0,2
3340.wav,1,1
3341.wav,0,1
3342.wav,1,1
3343.wav,1,2
3344.wav,1,1
3345.wav,0,1
3346.wav,1,2
3347.wav,1,2
3348.wav,1,2
3349.wav,1,1
3350.wav,1,2
3351.wav,1,0
3352.wav,1,2
3353.wav,0,1
3354.wav,1,0
3355.wav,1,0
3356.wav,1,1
3357.wav,1,2
3358.wav,1,0
3359.wav,0,0
3360.wav,1,1
3361.wav,1,2
3362.wav,1,2
3363.wav,0,2
3364.wav,0,2
3365.wav,0,2
3366.wav,0,1
3367.wav,1,2
3368.wav,1,2
3369.wav,1,2
3370.wav,1,2
3371.wav,1,2
3372.wav,0,0
3373.wav,0,1
3374.wav,0,0
3375.wav,0,1
3376.wav,1,1
3377.wav,1,2
3378.wav,1,2
3379.wav,0,1
3380.wav,1,2
3381.wav,1,0
3382.wav,1,1
3383.wav,1,2
3384.wav,1,0
3385.wav,1,1
3386.wav,0,2
3387.wav,0,2
3388.wav,1,2
3389.wav,1,0
3390.wav,1,2
3391.wav,1,2
3392.wav,0,1
3393.wav,1,1
3394.wav,0,1
3395.wav,1,1
3396.wav,1,2
3397.wav,0,2
3398.wav,1,2
3399.wav,1,2
3400.wav,1,1
3401.wav,1,1
3402.wav,0,2
3403.wav,1,1
3404.wav,1,2
3405.wav,1,1
3406.wav,1,1
3407.wav,0,0
3408.wav,0,2
3409.wav,1,0
3410.wav,1,2
3411.wav,1,2
3412.wav,1,2
3413.wav,1,1
3414.wav,0,0
3415.wav,1,2
3416.wav,0,1
3417.wav,1,0
3418.wav,1,1
3419.wav,1,2
3420.wav,1,2
3421.wav,0,0
3422.wav,1,2
3423.wav,1,1
3424.wav,1,2
3425.wav,1,2
3426.wav,1,1
3427.wav,1,2
3428.wav,1,2
3429.wav,1,2
3430.wav,0,0
3431.wav,1,2
3432.wav,1,2
3433.wav,1,2
3434.wav,1,2
3435.wav,1,0
3436.wav,1,2
3437.wav,0,0
3438.wav,1,2
3439.wav,1,2
3440.wav,1,0
3441.wav,1,1
3442.wav,0,2
3443.wav,1,2
3444.wav,1,1
3445.wav,0,2
3446.wav,1,1
3447.wav,1,1
3448.wav,1,2
3449.wav,1,2
3450.wav,1,1
3451.wav,1,0
3452.wav,1,0
3453.wav,1,2
3454.wav,1,2
3455.wav,1,1
3456.wav,0,2
3457.wav,1,1
3458.wav,1,2
3459.wav,1,2
3460.wav,0,0
3461.wav,0,0
3462.wav,1,2
3463.wav,0,2
3464.wav,0,2
3465.wav,1,2
3466.wav,1,1
3467.wav,1,1
3468.wav,0,2
3469.wav,1,0
3470.wav,0,1
3471.wav,0,2
3472.wav,1,0
3473.wav,1,2
3474.wav,0,1
3475.wav,1,0
3476.wav,1,2
3477.wav,1,2
3478.wav,1,0
3479.wav,1,2
3480.wav,1,2
3481.wav,1,1
3482.wav,1,0
3483.wav,1,2
3484.wav,1,2
3485.wav,1,2
3486.wav,1,2
3487.wav,1,2
3488.wav,1,2
3489.wav,0,1
3490.wav,1,2
3491.wav,1,2
3492.wav,0,0
3493.wav,0,2
3494.wav,1,0
3495.wav,0,0
3496.wav,1,2
3497.wav,0,2
3498.wav,1,2
3499.wav,1,1
3500.wav,1,2
3501.wav,1,2
3502.wav,1,2
3503.wav,0,2
3504.wav,0,0
3505.wav,1,0
3506.wav,1,1
3507.wav,1,2
3508.wav,1,2
3509.wav,0,0
3510.wav,1,1
3511.wav,0,2
3512.wav,1,2
3513.wav,1,1
3514.wav,1,2
3515.wav,0,1
3516.wav,0,0
3517.wav,1,2
3518.wav,0,2
3519.wav,1,1
3520.wav,1,2
3521.wav,1,2
3522.wav,1,0
3523.wav,1,2
3524.wav,0,2
3525.wav,0,2
3526.wav,1,0
3527.wav,0,0
3528.wav,1,1
3529.wav,1,2
3530.wav,1,1
3531.wav,1,2
3532.wav,0,2
3533.wav,1,2
3534.wav,0,2
3535.wav,0,2
3536.wav,0,2
3537.wav,0,2
3538.wav,1,2
3539.wav,0,0
3540.wav,0,2
3541.wav,1,2
3542.wav,1,2
3543.wav,0,2
3544.wav,0,0
3545.wav,1,2
3546.wav,0,2
3547.wav,1,1
3548.wav,1,0
3549.wav,1,2
3550.wav,1,2
3551.wav,1,2
3552.wav,1,2
3553.wav,1,2
3554.wav,0,2
3555.wav,0,2
3556.wav,1,2
3557.wav,1,1
3558.wav,1,2
3559.wav,1,2
3560.wav,1,2
3561.wav,0,0
3562.wav,1,1
3563.wav,0,1
3564.wav,1,2
3565.wav,0,0
3566.wav,1,0
3567.wav,1,0
3568.wav,0,0
3569.wav,1,0
3570.wav,0,2
3571.wav,0,2
3572.wav,1,2
3573.wav,1,2
3574.wav,1,1
3575.wav,1,0
3576.wav,0,1
3577.wav,1,2
3578.wav,1,2
3579.wav,0,0
3580.wav,0,0
3581.wav,1,1
3582.wav,1,1
3583.wav,0,0
3584.wav,1,0
3585.wav,1,0
3586.wav,1,2
3587.wav,1,0
3588.wav,1,2
3589.wav,1,0
3590.wav,1,2
3591.wav,1,2
3592.wav,1,2
3593.wav,1,2
3594.wav,1,2
3595.wav,1,2
3596.wav,1,2
3597.wav,1,2
3598.wav,1,1
3599.wav,1,1
3600.wav,1,1
3601.wav,0,2
3602.wav,1,1
3603.wav,1,0
3604.wav,1,0
3605.wav,0,1
3606.wav,0,1
3607.wav,0,0
3608.wav,1,0
3609.wav,1,1
3610.wav,1,2
3611.wav,1,1
3612.wav,1,1
3613.wav,1,2
3614.wav,1,2
3615.wav,0,0
3616.wav,1,2
3617.wav,0,0
3618.wav,1,1
3619.wav,1,0
3620.wav,1,1
3621.wav,1,0
3622.wav,1,1
3623.wav,1,0
3624.wav,1,0
3625.wav,1,2
3626.wav,0,2
3627.wav,1,2
3628.wav,1,0
3629.wav,0,0
3630.wav,1,1
3631.wav,0,0
3632.wav,0,1
3633.wav,1,2
3634.wav,1,2
3635.wav,0,1
3636.wav,1,2
3637.wav,0,2
3638.wav,0,2
3639.wav,1,1
3640.wav,1,0
3641.wav,1,1
3642.wav,1,1
3643.wav,0,1
3644.wav,1,2
3645.wav,1,0
3646.wav,0,2
3647.wav,0,0
3648.wav,1,0
3649.wav,0,2
3650.wav,1,2
3651.wav,1,2
3652.wav,1,0
3653.wav,1,0
3654.wav,1,2
3655.wav,1,2
3656.wav,1,0
3657.wav,1,1
3658.wav,0,2
3659.wav,1,2
3660.wav,0,2
3661.wav,1,1
3662.wav,0,0
3663.wav,1,2
3664.wav,1,1
3665.wav,1,2
3666.wav,1,2
3667.wav,1,0
3668.wav,0,2
3669.wav,0,2
3670.wav,0,2
3671.wav,1,1
3672.wav,1,1
3673.wav,1,2
3674.wav,1,2
3675.wav,0,0
3676.wav,0,2
3677.wav,1,0
3678.wav,1,0
3679.wav,0,2
3680.wav,1,0
3681.wav,0,2
3682.wav,0,0
3683.wav,1,2
3684.wav,1,1
3685.wav,0,2
3686.wav,1,2
3687.wav,0,2
3688.wav,0,0
3689.wav,1,2
3690.wav,0,2
3691.wav,1,0
3692.wav,1,1
3693.wav,0,1
3694.wav,1,2
3695.wav,0,0
3696.wav,1,2
3697.wav,1,2
3698.wav,0,2
3699.wav,0,1
3700.wav,0,1
3701.wav,1,2
3702.wav,1,0
3703.wav,0,2
3704.wav,1,2
3705.wav,1,2
3706.wav,1,2
3707.wav,0,2
3708.wav,1,2
3709.wav,1,2
3710.wav,1,2
3711.wav,1,2
3712.wav,1,2
3713.wav,0,1
3714.wav,1,2
3715.wav,1,0
3716.wav,1,0
3717.wav,0,1
3718.wav,1,0
3719.wav,1,2
3720.wav,1,1
3721.wav,1,0
3722.wav,1,2
3723.wav,1,2
3724.wav,1,1
3725.wav,1,0
3726.wav,1,2
3727.wav,1,1
3728.wav,1,0
3729.wav,1,1
3730.wav,0,1
3731.wav,0,2
3732.wav,1,2
3733.wav,0,0
3734.wav,1,2
3735.wav,0,0
3736.wav,1,2
3737.wav,1,0
3738.wav,1,0
3739.wav,0,1
3740.wav,0,2
3741.wav,1,1
3742.wav,1,1
3743.wav,1,2
3744.wav,1,2
3745.wav,1,2
3746.wav,0,2
3747.wav,1,1
3748.wav,1,0
3749.wav,1,2
3750.wav,0,0
3751.wav,1,0
3752.wav,1,1
3753.wav,1,0
3754.wav,1,2
3755.wav,1,2
3756.wav,0,1
3757.wav,1,2
3758.wav,1,2
3759.wav,0,2
3760.wav,1,2
3761.wav,1,1
3762.wav,1,0
3763.wav,0,0
3764.wav,0,1
3765.wav,1,2
3766.wav,1,2
3767.wav,1,2
3768.wav,0,2
3769.wav,1,0
3770.wav,1,1
3771.wav,1,2
3772.wav,1,1
3773.wav,0,0
3774.wav,1,2
3775.wav,0,2
3776.wav,1,2
3777.wav,0,2
3778.wav,1,0
3779.wav,1,2
3780.wav,0,1
3781.wav,0,2
3782.wav,0,2
3783.wav,1,1
3784.wav,0,1
3785.wav,0,0
3786.wav,1,2
3787.wav,1,2
3788.wav,1,2
3789.wav,1,0
3790.wav,1,1
3791.wav,1,2
3792.wav,1,2
3793.wav,1,0
3794.wav,0,2
3795.wav,1,1
3796.wav,1,2
3797.wav,0,0
3798.wav,1,2
3799.wav,1,2
3800.wav,1,2
3801.wav,1,2
3802.wav,1,2
3803.wav,1,2
3804.wav,0,0
3805.wav,1,2
3806.wav,1,2
3807.wav,1,2
3808.wav,0,0
3809.wav,0,1
3810.wav,1,0
3811.wav,1,0
3812.wav,1,2
3813.wav,1,2
3814.wav,1,2
3815.wav,1,2
3816.wav,0,1
3817.wav,0,2
3818.wav,0,1
3819.wav,1,2
3820.wav,1,2
3821.wav,0,0
3822.wav,1,0
3823.wav,1,2
3824.wav,0,0
3825.wav,1,1
3826.wav,1,2
3827.wav,0,1
3828.wav,0,1
3829.wav,1,2
3830.wav,1,1
3831.wav,0,0
3832.wav,0,1
3833.wav,0,0
3834.wav,1,1
3835.wav,0,1
3836.wav,0,2
3837.wav,1,2
3838.wav,1,0
3839.wav,1,2
3840.wav,1,1
3841.wav,1,1
3842.wav,1,2
3843.wav,0,2
3844.wav,1,2
3845.wav,1,2
3846.wav,0,2
3847.wav,1,2
3848.wav,1,2
3849.wav,0,2
3850.wav,0,0
3851.wav,1,2
3852.wav,1,2
3853.wav,1,0
3854.wav,1,2
3855.wav,1,2
3856.wav,1,2
3857.wav,0,2
3858.wav,1,2
3859.wav,0,0
3860.wav,1,2
3861.wav,0,1
3862.wav,1,2
3863.wav,1,2
3864.wav,0,2
3865.wav,1,0
3866.wav,1,2
3867.wav,0,0
3868.wav,0,1
3869.wav,1,1
3870.wav,1,1
3871.wav,1,0
3872.wav,1,2
3873.wav,1,2
3874.wav,1,2
3875.wav,0,0
3876.wav,1,0
3877.wav,1,0
3878.wav,1,2
3879.wav,1,0
3880.wav,1,1
3881.wav,1,2
3882.wav,1,2
3883.wav,1,0
3884.wav,1,2
3885.wav,1,2
3886.wav,1,2
3887.wav,1,2
3888.wav,1,2
3889.wav,1,2
3890.wav,1,1
3891.wav,1,2
3892.wav,1,2
3893.wav,1,2
3894.wav,0,2
3895.wav,1,0
3896.wav,0,2
3897.wav,0,2
3898.wav,1,2
3899.wav,1,2
3900.wav,0,0
3901.wav,1,1
3902.wav,1,2
3903.wav,0,2
3904.wav,1,0
3905.wav,0,1
3906.wav,0,2
3907.wav,0,2
3908.wav,1,2
3909.wav,1,1
3910.wav,1,2
3911.wav,0,2
3912.wav,1,0
3913.wav,1,2
3914.wav,0,1
3915.wav,1,0
3916.wav,0,0
3917.wav,0,2
3918.wav,1,0
3919.wav,0,0
3920.wav,1,2
3921.wav,0,0
3922.wav,1,2
3923.wav,0,2
3924.wav,0,2
3925.wav,0,0
3926.wav,1,2
3927.wav,1,0
3928.wav,1,0
3929.wav,1,2
3930.wav,1,2
3931.wav,1,2
3932.wav,0,1
3933.wav,1,2
3934.wav,1,2
3935.wav,1,2
3936.wav,0,1
3937.wav,0,0
3938.wav,1,2
3939.wav,1,2
3940.wav,1,2
3941.wav,1,2
3942.wav,0,0
3943.wav,1,0
3944.wav,1,2
3945.wav,1,2
3946.wav,1,2
3947.wav,0,0
3948.wav,0,2
3949.wav,1,0
3950.wav,0,0
3951.wav,1,1
3952.wav,1,1
3953.wav,1,1
3954.wav,1,2
3955.wav,1,2
3956.wav,1,2
3957.wav,0,0
3958.wav,0,2
3959.wav,0,2
3960.wav,1,0
3961.wav,0,2
3962.wav,0,2
3963.wav,0,2
3964.wav,1,2
3965.wav,0,2
3966.wav,1,0
3967.wav,1,2
3968.wav,0,2
3969.wav,0,0
3970.wav,1,1
3971.wav,1,0
3972.wav,1,2
3973.wav,1,2
3974.wav,0,0
3975.wav,0,0
3976.wav,0,2
3977.wav,1,2
3978.wav,1,1
3979.wav,1,2
3980.wav,1,1
3981.wav,1,2
3982.wav,1,1
3983.wav,1,1
3984.wav,1,1
3985.wav,0,0
3986.wav,1,2
3987.wav,1,2
3988.wav,0,1
3989.wav,1,0
3990.wav,1,2
3991.wav,1,0
3992.wav,0,1
3993.wav,1,0
3994.wav,0,2
3995.wav,1,0
3996.wav,1,2
3997.wav,0,0
3998.wav,1,0
3999.wav,1,1
4000.wav,1,2
4001.wav,0,0
4002.wav,1,2
4003.wav,1,2
4004.wav,1,2
4005.wav,1,2
4006.wav,1,2
4007.wav,1,2
4008.wav,1,1
4009.wav,1,1
4010.wav,1,2
4011.wav,0,1
4012.wav,1,0
4013.wav,0,1
4014.wav,1,0
4015.wav,1,1
4016.wav,1,2
4017.wav,1,1
4018.wav,0,1
4019.wav,1,2
4020.wav,1,2
4021.wav,1,2
4022.wav,1,2
4023.wav,0,2
4024.wav,0,2
4025.wav,1,2
4026.wav,1,2
4027.wav,1,2
4028.wav,1,2
4029.wav,1,2
4030.wav,1,2
4031.wav,0,2
4032.wav,1,2
4033.wav,1,2
4034.wav,1,2
4035.wav,1,1
4036.wav,1,2
4037.wav,1,2
4038.wav,1,0
4039.wav,0,0
4040.wav,0,1
4041.wav,1,2
4042.wav,1,2
4043.wav,1,2
4044.wav,0,1
4045.wav,1,2
4046.wav,1,2
4047.wav,0,2
4048.wav,1,1
4049.wav,1,2
4050.wav,1,2
4051.wav,0,1
4052.wav,1,1
4053.wav,1,2
4054.wav,1,2
4055.wav,1,1
4056.wav,0,2
4057.wav,1,2
4058.wav,1,2
4059.wav,1,2
4060.wav,0,1
4061.wav,1,2
4062.wav,1,0
4063.wav,1,2
4064.wav,1,0
4065.wav,1,2
4066.wav,1,2
4067.wav,1,1
4068.wav,0,1
4069.wav,1,2
4070.wav,0,1
4071.wav,1,2
4072.wav,0,2
4073.wav,0,1
4074.wav,0,1
4075.wav,0,1
4076.wav,1,2
4077.wav,0,1
4078.wav,1,1
4079.wav,0,1
4080.wav,1,2
4081.wav,0,2
4082.wav,0,1
4083.wav,1,2
4084.wav,0,1
4085.wav,0,1
4086.wav,0,0
4087.wav,1,2
4088.wav,1,2
4089.wav,1,2
4090.wav,1,1
4091.wav,1,0
4092.wav,1,0
4093.wav,1,0
4094.wav,1,2
4095.wav,1,2
4096.wav,1,2
4097.wav,0,2
4098.wav,1,2
4099.wav,0,0
4100.wav,1,1
4101.wav,1,2
4102.wav,0,2
4103.wav,0,1
4104.wav,1,2
4105.wav,1,2
4106.wav,0,2
4107.wav,1,0
4108.wav,1,2
4109.wav,0,1
4110.wav,1,2
4111.wav,0,2
4112.wav,1,0
4113.wav,0,2
4114.wav,0,2
4115.wav,0,2
4116.wav,1,1
4117.wav,1,0
4118.wav,1,1
4119.wav,1,1
4120.wav,1,0
4121.wav,1,0
4122.wav,0,0
4123.wav,1,2
4124.wav,1,2
4125.wav,0,0
4126.wav,1,1
4127.wav,0,0
4128.wav,1,0
4129.wav,0,2
4130.wav,1,2
4131.wav,1,2
4132.wav,0,0
4133.wav,1,2
4134.wav,0,2
4135.wav,1,2
4136.wav,0,1
4137.wav,0,0
4138.wav,1,2
4139.wav,1,2
4140.wav,1,1
4141.wav,0,1
4142.wav,1,1
4143.wav,1,1
4144.wav,0,0
4145.wav,1,2
4146.wav,1,1
4147.wav,0,0
4148.wav,0,2
4149.wav,0,1
4150.wav,1,2
4151.wav,0,2
4152.wav,0,1
4153.wav,0,1
4154.wav,0,1
4155.wav,1,0
4156.wav,1,2
4157.wav,1,0
4158.wav,1,2
4159.wav,0,0
4160.wav,1,1
4161.wav,1,2
4162.wav,1,0
4163.wav,1,2
4164.wav,1,0
4165.wav,1,0
4166.wav,1,0
4167.wav,1,2
4168.wav,1,0
4169.wav,1,2
4170.wav,1,2
4171.wav,0,2
4172.wav,0,1
4173.wav,1,1
4174.wav,1,0
4175.wav,1,2
4176.wav,1,2
4177.wav,0,2
4178.wav,1,1
4179.wav,1,2
4180.wav,0,2
4181.wav,0,0
4182.wav,1,2
4183.wav,0,1
4184.wav,0,1
4185.wav,0,1
4186.wav,1,1
4187.wav,0,2
4188.wav,1,2
4189.wav,1,2
4190.wav,1,2
4191.wav,1,0
4192.wav,1,1
4193.wav,0,2
4194.wav,0,2
4195.wav,0,0
4196.wav,0,2
4197.wav,0,2
4198.wav,1,0
4199.wav,1,1
4200.wav,1,1
4201.wav,0,2
4202.wav,0,0
4203.wav,1,2
4204.wav,1,2
4205.wav,0,1
4206.wav,1,0
4207.wav,1,2
4208.wav,1,2
4209.wav,0,0
4210.wav,1,2
4211.wav,1,2
4212.wav,1,2
4213.wav,1,0
4214.wav,1,2
4215.wav,0,2
4216.wav,1,0
4217.wav,1,2
4218.wav,1,2
4219.wav,1,2
4220.wav,1,2
4221.wav,0,0
4222.wav,1,2
4223.wav,1,1
4224.wav,1,2
4225.wav,1,0
4226.wav,0,2
4227.wav,1,1
4228.wav,0,0
4229.wav,1,0
4230.wav,1,0
4231.wav,1,1
4232.wav,1,0
4233.wav,1,2
4234.wav,1,2
4235.wav,1,2
4236.wav,1,1
4237.wav,0,1
4238.wav,1,2
4239.wav,1,1
4240.wav,1,2
4241.wav,0,2
4242.wav,1,1
4243.wav,1,2
4244.wav,1,1
4245.wav,1,1
4246.wav,1,0
4247.wav,1,1
4248.wav,0,2
4249.wav,1,1
4250.wav,1,2
4251.wav,0,2
4252.wav,0,1
4253.wav,1,0
4254.wav,1,2
4255.wav,0,0
4256.wav,1,0
4257.wav,0,1
4258.wav,1,2
4259.wav,0,2
4260.wav,1,2
4261.wav,0,2
4262.wav,1,2
4263.wav,1,2
4264.wav,1,2
4265.wav,1,2
4266.wav,0,0
4267.wav,1,2
4268.wav,1,1
4269.wav,1,2
4270.wav,1,0
4271.wav,1,1
4272.wav,0,0
4273.wav,1,2
4274.wav,1,0
4275.wav,0,2
4276.wav,0,2
4277.wav,1,2
4278.wav,1,0
4279.wav,1,2
4280.wav,1,0
4281.wav,1,2
4282.wav,0,2
4283.wav,1,1
4284.wav,0,2
4285.wav,1,2
4286.wav,1,2
4287.wav,0,2
4288.wav,0,2
4289.wav,1,0
4290.wav,0,2
4291.wav,1,2
4292.wav,1,2
4293.wav,1,2
4294.wav,0,0
4295.wav,0,0
4296.wav,1,2
4297.wav,1,1
4298.wav,1,1
4299.wav,0,0
4300.wav,1,2
4301.wav,1,2
4302.wav,1,1
4303.wav,1,2
4304.wav,1,1
4305.wav,0,1
4306.wav,1,1
4307.wav,0,0
4308.wav,1,2
4309.wav,0,0
4310.wav,1,1
4311.wav,1,0
4312.wav,1,0
4313.wav,0,2
4314.wav,1,2
4315.wav,1,1
4316.wav,0,2
4317.wav,1,2
4318.wav,0,2
4319.wav,1,2
4320.wav,0,2
4321.wav,1,2
4322.wav,0,2
4323.wav,1,2
4324.wav,1,2
4325.wav,1,2
4326.wav,0,1
4327.wav,1,2
4328.wav,1,2
4329.wav,0,2
4330.wav,1,1
4331.wav,1,2
4332.wav,1,0
4333.wav,0,2
4334.wav,1,1
4335.wav,0,2
4336.wav,0,0
4337.wav,1,2
4338.wav,1,1
4339.wav,1,2
4340.wav,0,0
4341.wav,1,1
4342.wav,1,2
